person_id,source_position_id,page_number,district,settlement,allowance_status,arrival_year,age,legal_status_norm,family_status_norm,marriage_status_norm,occupation_norm,comments,notes_raw
P000061,1-01-010-0061,30,Александровский,Александровское,TRUE,,2,Сын поселенца,Сын,,,,РГБ № 5623
P000111,1-02-000-0016,34,Александровский,Пост Александровский,TRUE,,37,Мещанин,,Холост,Надзиратель,,РГБ № 1037
P000118,1-02-000-0023,34,Александровский,Пост Александровский,TRUE,,21,Ссыльнокаторжная,Прислуга,Вдов,,,РГБ № 1033
P000125,1-02-000-0030,35,Александровский,Пост Александровский,TRUE,,18,Сын поселенца,,Холост,Телеграфист,,РГБ № 7183
P000135,1-02-000-0040,35,Александровский,Пост Александровский,TRUE,,65,Ссыльнокаторжный,,Женат на родине,Перевозчик,Анастасия Савельева 49. Алекс. Савельев 48. Ярцев 43. Родилось мужчин 34 женщин 26. Умерло мужчин 69 женщин 13,РГБ № 1052
P000167,1-02-004-0072,37,Александровский,Пост Александровский,TRUE,,20,Ссыльнокаторжная,Сожительница,Вдов,,Ташкент,РГБ № 7158
P000208,1-02-010-0113,40,Александровский,Пост Александровский,TRUE,,6,Дочь поселки,Незаконнорожденная дочь,,,205,РГБ № 4325
P000214,1-02-012-0119,40,Александровский,Пост Александровский,TRUE,,37,Ссыльнокаторжная,Хозяйка,Вдов,,,РГБ № 45
P000245,1-02-018-0150,42,Александровский,Пост Александровский,TRUE,,0,Сын ссыльнокаторжного,Сын,,,,РГБ № 4821
P000283,1-02-027-0188,44,Александровский,Пост Александровский,TRUE,,12,Дочь поселенца,Дочь,,,,РГБ № 4589
P000284,1-02-027-0189,44,Александровский,Пост Александровский,TRUE,,10,Дочь поселенца,Дочь,,,,РГБ № 4262
P000285,1-02-027-0190,44,Александровский,Пост Александровский,TRUE,,3,Дочь поселенца,Дочь,,,,РГБ № 5234
P000286,1-02-027-0191,44,Александровский,Пост Александровский,TRUE,,27,Ссыльнокаторжный,Жилец,Холост,Писарь,,РГБ № 91
P000327,1-02-036-0232,47,Александровский,Пост Александровский,TRUE,,4,Дочь ссыльнокаторжной,Незаконнорожденная дочь,,,197,РГБ № 4021
P000333,1-02-037-0238,47,Александровский,Пост Александровский,TRUE,,1,Сын ссыльнокаторжной,Незаконнорожденный сын,,,196,РГБ № 5516
P000344,1-02-039-0249,48,Александровский,Пост Александровский,TRUE,,2,Дочь ссыльнокаторжного,Дочь,,,,РГБ № 4973
P000390,1-02-050-0295,50,Александровский,Пост Александровский,TRUE,,2,Дочь ссыльнокаторжной,Незаконнорожденная дочь,,,186,РГБ № 5721
P000392,1-02-050-0297,50,Александровский,Пост Александровский,TRUE,,40,Ссыльнокаторжный,Жилец,Вдов,Пильщик,,РГБ № 174
P000396,1-02-051-0301,51,Александровский,Пост Александровский,TRUE,,5,Дочь поселки,Незаконнорожденная дочь,,,184,РГБ № 4266
P000397,1-02-051-0302,51,Александровский,Пост Александровский,TRUE,,3,Дочь поселки,Незаконнорожденная дочь,,,183,РГБ № 5244
P000407,1-02-052-0312,51,Александровский,Пост Александровский,TRUE,,6,Сын ссыльнокаторжной,Незаконнорожденный сын,,,181,РГБ № 4348
P000408,1-02-052-0313,51,Александровский,Пост Александровский,TRUE,,4,Дочь ссыльнокаторжного,Незаконнорожденная дочь,,,180,РГБ № 5387
P000450,1-02-060-0355,54,Александровский,Пост Александровский,TRUE,,10,Сын поселенца,Сын,,,,РГБ № 4933
P000451,1-02-060-0356,54,Александровский,Пост Александровский,TRUE,,8,Дочь поселенца,Дочь,,,,РГБ № 5490
P000452,1-02-060-0357,54,Александровский,Пост Александровский,TRUE,,6,Дочь поселенца,Дочь,,,,РГБ № 3993
P000461,1-02-062-0366,54,Александровский,Пост Александровский,TRUE,,1,Дочь ссыльнокаторжного,Дочь,,,,РГБ № 5520
P000464,1-02-063-0369,55,Александровский,Пост Александровский,TRUE,,8,Дочь ссыльнокаторжного,Дочь,,,,РГБ № 5490а
P000465,1-02-063-0370,55,Александровский,Пост Александровский,TRUE,,5,Сын ссыльнокаторжного,Сын,,,,РГБ № 5425
P000466,1-02-063-0371,55,Александровский,Пост Александровский,TRUE,,2,Сын ссыльнокаторжного,Сын,,,,РГБ № 5657
P000471,1-02-064-0376,55,Александровский,Пост Александровский,TRUE,,2,Сын ссыльнокаторжной,Незаконнорожденный сын,,,179,РГБ № 4613
P000475,1-02-065-0380,55,Александровский,Пост Александровский,TRUE,,4,Сын поселенца,Сын,,,,РГБ № 5307
P000489,1-02-068-0394,56,Александровский,Пост Александровский,TRUE,,9,Дочь поселки,Незаконнорожденная дочь,,,178,РГБ № 4488
P000512,1-02-074-0417,58,Александровский,Пост Александровский,TRUE,,,Ссыльнокаторжный,Жилец,Холост,,,РГБ № 271
P000521,1-02-076-0426,58,Александровский,Пост Александровский,TRUE,,5,Дочь ссыльнокаторжной,Незаконнорожденная дочь,,,175,РГБ № 3997
P000522,1-02-076-0427,58,Александровский,Пост Александровский,TRUE,,2,Дочь ссыльнокаторжной,Незаконнорожденная дочь,,,174,РГБ № 4921
P000523,1-02-076-0428,58,Александровский,Пост Александровский,TRUE,,1,Сын ссыльнокаторжной,Незаконнорожденный сын,,,173,РГБ № 4865
P000532,1-02-078-0437,59,Александровский,Пост Александровский,TRUE,,2,Дочь поселенца,Дочь,,,,РГБ № 5785
P000557,1-02-085-0462,61,Александровский,Пост Александровский,TRUE,,3,Дочь поселки,Незаконнорожденная дочь,,,172,РГБ № 4590
P000590,1-02-092-0495,63,Александровский,Пост Александровский,TRUE,,4,Сын ссыльнокаторжной,Незаконнорожденный сын,,,169,РГБ № 5352
P000593,1-02-092-0498,63,Александровский,Пост Александровский,TRUE,,3,Сын ссыльнокаторжной,Незаконнорожденный сын,,,170,РГБ № 4972
P000614,1-02-098-0519,64,Александровский,Пост Александровский,TRUE,,4,Сын ссыльнокаторжного,Сын,,,,РГБ № 4047
P000615,1-02-098-0520,64,Александровский,Пост Александровский,TRUE,,2,Сын ссыльнокаторжного,Сын,,,,РГБ № 4615
P000620,1-02-100-0525,65,Александровский,Пост Александровский,TRUE,,1,Сын каторжного,Сын,,,,РГБ № 4899
P000629,1-02-103-0534,65,Александровский,Пост Александровский,TRUE,,2,Дочь поселенца,Дочь,,,,РГБ № 5787
P000656,1-02-111-0561,67,Александровский,Пост Александровский,TRUE,,4,Сын каторжного,Сын,,,,РГБ № 4048
P000665,1-02-118-0570,67,Александровский,Пост Александровский,TRUE,,6,Дочь поселки,Незаконнорожденная дочь,,,167,РГБ № 4323
P000666,1-02-118-0571,67,Александровский,Пост Александровский,TRUE,,4,Дочь поселки,Незаконнорожденная дочь,,,168,РГБ № 5385
P000723,1-02-147-0628,71,Александровский,Пост Александровский,TRUE,,3,Сын поселки,Незаконнорожденный сын,,,165,РГБ № 4572
P000745,1-02-152-0650,72,Александровский,Пост Александровский,TRUE,,4,Сын поселенца,Сын,,,,РГБ № 4046
P000762,1-02-156-0667,73,Александровский,Пост Александровский,TRUE,,1,Сын ссыльнокаторжного,Сын,,,,РГБ № 4951
P000775,1-02-159-0680,74,Александровский,Пост Александровский,TRUE,,1,Дочь ссыльнокаторжной,Незаконнорожденная дочь,,,163,РГБ № 5537
P000776,1-02-159-0681,74,Александровский,Пост Александровский,TRUE,,40,Ссыльнокаторжный,Жилец,Женат на родине,Слесарь,Жена и 2 ребят,РГБ № 495
P000796,1-02-163-0701,75,Александровский,Пост Александровский,TRUE,,2,Сын ссыльнокаторжного,Сын,,,,РГБ № 4613
P000797,1-02-163-0702,75,Александровский,Пост Александровский,TRUE,,2,Сын ссыльнокаторжного,Сын,,,,РГБ № 4614
P000806,1-02-165-0711,76,Александровский,Пост Александровский,TRUE,,2,Дочь поселки,Незаконнорожденная дочь,,,189,РГБ № 5720
P000807,1-02-165-0712,76,Александровский,Пост Александровский,TRUE,,1,Сын поселки,Незаконнорожденный сын,,,168,РГБ № 4871
P000827,1-02-169-0732,77,Александровский,Пост Александровский,TRUE,,45,Поселенец,Жилец,Женат на Сахалине,Писарь,,РГБ № 537
P000830,1-02-169-0735,78,Александровский,Пост Александровский,TRUE,,35,Отставной рядовой,Жилец,Холост,Старший надзиратель,,РГБ № 535
P000871,1-02-178-0776,80,Александровский,Пост Александровский,TRUE,,4,Сын ссыльнокаторжной,Незаконнорожденный сын,,,158,РГБ № 5353
P000875,1-02-179-0780,80,Александровский,Пост Александровский,TRUE,,9,Сын поселенца,Сын,,,,РГБ № 4926
P000876,1-02-179-0781,80,Александровский,Пост Александровский,TRUE,,2,Дочь поселенца,Дочь,,,,РГБ № 5788
P000907,1-02-186-0812,82,Александровский,Пост Александровский,TRUE,,7,Дочь поселки,Незаконнорожденная дочь,,,155,РГБ № 4394
P000908,1-02-186-0813,82,Александровский,Пост Александровский,TRUE,,2,Дочь поселки,Незаконнорожденная дочь,,,156,РГБ № 5719
P000930,1-02-191-0835,84,Александровский,Пост Александровский,TRUE,,3,Дочь ссыльнокаторжной,Незаконнорожденная дочь,,,151,РГБ № 5243
P000931,1-02-191-0836,84,Александровский,Пост Александровский,TRUE,,1,Сын ссыльнокаторжной,Незаконнорожденный сын,,,152,РГБ № 4870
P000958,1-02-197-0863,85,Александровский,Пост Александровский,TRUE,,5,Сын поселенца,Сын,,,,РГБ № 4012
P000959,1-02-197-0864,86,Александровский,Пост Александровский,TRUE,,3,Сын поселенца,Сын,,,,РГБ № 4527
P001005,1-02-204-0910,88,Александровский,Пост Александровский,TRUE,,5,Сын поселенца,Незаконнорожденный сын,,,148,РГБ № 5418
P001026,1-02-209-0931,90,Александровский,Пост Александровский,TRUE,,2,Сын ссыльнокаторжной,Незаконнорожденный сын,,,146,РГБ № 5673
P001049,1-02-213-0954,91,Александровский,Пост Александровский,TRUE,,2,Свободного состояния,Дочь,,,,РГБ № 5702
P001061,1-02-217-0966,91,Александровский,Пост Александровский,TRUE,,3,Дочь каторжного,Дочь,,,,РГБ № 5206
P001091,1-02-224-0996,93,Александровский,Пост Александровский,TRUE,,4,Дочь каторжной,Незаконнорожденная дочь,,,143,РГБ № 5384
P001092,1-02-224-0997,93,Александровский,Пост Александровский,TRUE,,3,Сын каторжной,Незаконнорожденный сын,,,144,РГБ № 4514
P001093,1-02-224-0998,93,Александровский,Пост Александровский,TRUE,,2,Сын каторжной,Незаконнорожденный сын,,,5,РГБ № 5674
P001099,1-02-225-1004,94,Александровский,Пост Александровский,TRUE,,3,Сын поселенца,Сын,,,,РГБ № 4526
P001100,1-02-225-1005,94,Александровский,Пост Александровский,TRUE,,1,Сын поселенца,Сын,,,,РГБ № 4894
P001103,1-02-225-1008,94,Александровский,Пост Александровский,TRUE,,2,Дочь каторжного,Дочь,,,,РГБ № 4609
P001111,1-02-226-1016,94,Александровский,Пост Александровский,TRUE,,4,Сын каторжного,Сын,,,,РГБ № 5303
P001117,1-02-227-1022,95,Александровский,Пост Александровский,TRUE,,33,Ссыльнокаторжный,Хозяин,Холост,Кузнец,,РГБ № 774
P001129,1-02-229-1034,96,Александровский,Пост Александровский,TRUE,,2,Сын каторжной,Незаконнорожденный сын,,,141,РГБ № 5675
P001146,1-02-231-1051,97,Александровский,Пост Александровский,TRUE,,5,Дочь каторжной,Незаконнорожденная дочь,,,140,РГБ № 3998
P001149,1-02-232-1054,97,Александровский,Пост Александровский,TRUE,,0,Дочь поселки,Дочь,,,,РГБ № 4670
P001162,1-02-234-1067,98,Александровский,Пост Александровский,TRUE,,1,Сын поселенца,Сын,,,,РГБ № 4892
P001168,1-02-236-1073,98,Александровский,Пост Александровский,TRUE,,8,Сын каторжного,Сын,,,,РГБ № 4924
P001169,1-02-236-1074,98,Александровский,Пост Александровский,TRUE,,4,Сын каторжного,Сын,,,,РГБ № 5305
P001184,1-02-239-1089,99,Александровский,Пост Александровский,TRUE,,55,Ссыльнокаторжный,Жилец,,,,РГБ № 828
P001190,1-02-240-1095,99,Александровский,Пост Александровский,TRUE,,5,Сын каторжной,Незаконнорожденный сын,,,139,РГБ № 4013
P001195,1-02-241-1100,100,Александровский,Пост Александровский,TRUE,,3,Дочь каторжной,Незаконнорожденная дочь,,,Коробкин. 138,РГБ № 5242
P001207,1-02-244-1112,100,Александровский,Пост Александровский,TRUE,,1,Сын поселки,Незаконнорожденный сын,,,137,РГБ № 4868
P001209,1-02-244-1114,100,Александровский,Пост Александровский,TRUE,,38,Ссыльнокаторжная,Сожительница,Вдов,Чернорабочая,,РГБ № 850
P001219,1-02-246-1124,101,Александровский,Пост Александровский,TRUE,,3,Дочь каторжного,Дочь,,,,РГБ № 5111
P001239,1-02-254-1144,102,Александровский,Пост Александровский,TRUE,,3,Дочь каторжного,Дочь,,,,РГБ № 5120
P001279,1-02-266-1184,105,Александровский,Пост Александровский,TRUE,,2,Сын каторжной,Незаконнорожденный сын,,,136,РГБ № 5672
P001289,1-02-270-1194,105,Александровский,Пост Александровский,TRUE,,43,Ссыльнокаторжный,Хозяин,Женат на родине,,,РГБ № 921
P001302,1-02-272-1207,106,Александровский,Пост Александровский,TRUE,,48,Ссыльнокаторжный,Жилец,Холост,Сапожник,,РГБ № 933
P001305,1-02-273-1210,106,Александровский,Пост Александровский,TRUE,,3,Дочь ссыльнокаторжного,Дочь,,,,РГБ № 4703
P001311,1-02-276-1216,107,Александровский,Пост Александровский,TRUE,,5,Дочь ссыльнокаторжного,Дочь,,,,РГБ № 3999
P001329,1-02-280-1234,108,Александровский,Пост Александровский,TRUE,,1,Дочь ссыльнокаторжного,Дочь,,,,РГБ № 5554
P001330,1-02-280-1235,108,Александровский,Пост Александровский,TRUE,,18,Свободного состояния,Жилец,Холост,Писарь,Отец в Михайловке.4,РГБ № 7187
P001334,1-02-281-1239,108,Александровский,Пост Александровский,TRUE,,6,Дочь поселенца,Дочь,,,,РГБ № 3943
P001360,1-02-296-1265,110,Александровский,Пост Александровский,TRUE,,4,Дочь ссыльнокаторжного,Дочь,,,,РГБ № 4024
P001365,1-02-297-1270,110,Александровский,Пост Александровский,TRUE,,4,Дочь ссыльнокаторжного,Дочь,,,,РГБ № 4023
P001366,1-02-297-1271,110,Александровский,Пост Александровский,TRUE,,2,Дочь ссыльнокаторжного,Дочь,,,,РГБ № 4608
P001394,1-02-306-1299,112,Александровский,Пост Александровский,TRUE,,6,Сын ссыльнокаторжного,Сын,,,,РГБ № 3949
P001395,1-02-306-1300,112,Александровский,Пост Александровский,TRUE,,3,Сын ссыльнокаторжного,Сын,,,,РГБ № 4524
P001482,1-03-013-0049,117,Александровский,Корсаковское,TRUE,,35,Ссыльнокаторжная,Жена,Женат на Сахалине,,,РГБ № 2893
P001497,1-03-015-0064,118,Александровский,Корсаковское,TRUE,,11,Дочь крестьянки из ссыльных,Незаконнорожденная дочь,,,498. В Благовещенске по пути,РГБ № 4941
P001544,1-03-028-0111,121,Александровский,Корсаковское,TRUE,,3,Сын ссыльнокаторжной,Незаконнорожденный сын,,,490,РГБ № 5203
P001619,1-03-043-0186,126,Александровский,Корсаковское,TRUE,,2,Сын ссыльнокаторжного,Приемный сын,,,,РГБ № 4621
P001624,1-03-044-0191,126,Александровский,Корсаковское,TRUE,,6,Дочь ссыльнокаторжной,Незаконнорожденная дочь,,,488,РГБ № 3946
P001689,1-03-056-0256,130,Александровский,Корсаковское,TRUE,,2,Дочь ссыльнокаторжного,Дочь,,,,РГБ № 5747
P001727,1-04-007-0034,133,Александровский,Ново-Михайловское,TRUE,,6,Сын ссыльнокаторжного,Сын,,,,РГБ № 3955
P001740,1-04-011-0047,133,Александровский,Ново-Михайловское,TRUE,,40,Ссыльнокаторжный,Хозяин,Женат на родине,Рабочий,,РГБ № 3307
P001752,1-04-014-0059,134,Александровский,Ново-Михайловское,TRUE,,1,Сын ссыльнокаторжного,Сын,,,,РГБ № 4806
P001780,1-04-024-0087,136,Александровский,Ново-Михайловское,TRUE,,3,Дочь ссыльнокаторжной,Незаконнорожденная дочь,,,435,РГБ № 5262
P001796,1-04-027-0103,137,Александровский,Ново-Михайловское,TRUE,,10,Сын крестьянина из ссыльных,Сын,,,,РГБ № 4211
P001804,1-04-030-0111,137,Александровский,Ново-Михайловское,TRUE,,5,Сын ссыльнокаторжного,Сын,,,,РГБ № 5437
P001805,1-04-030-0112,137,Александровский,Ново-Михайловское,TRUE,,3,Сын ссыльнокаторжного,Сын,,,,РГБ № 5216
P001809,1-04-031-0116,138,Александровский,Ново-Михайловское,TRUE,,2,Дочь поселенца,Дочь,,,,РГБ № 5750
P001855,1-04-051-0162,141,Александровский,Ново-Михайловское,TRUE,,3,Дочь ссыльнокаторжного,Дочь,,,,РГБ № 4600
P001858,1-04-052-0165,141,Александровский,Ново-Михайловское,TRUE,,1,Сын ссыльнокаторжного,Сын,,,,РГБ № 4957
P001922,1-04-070-0229,145,Александровский,Ново-Михайловское,TRUE,,13,Дочь крестьянина из ссыльных,Дочь,,,,РГБ № 4407
P001923,1-04-070-0230,145,Александровский,Ново-Михайловское,TRUE,,6,Дочь крестьянина из ссыльных,Дочь,,,,РГБ № 4302
P001947,1-04-079-0254,146,Александровский,Ново-Михайловское,TRUE,,5,Сын ссыльнокаторжного,Сын,,,,РГБ № 4008
P001982,1-04-087-0289,148,Александровский,Ново-Михайловское,TRUE,,3,Дочь поселки,Незаконнорожденная дочь,,,404,РГБ № 4596
P002005,1-04-094-0312,150,Александровский,Ново-Михайловское,TRUE,,3,Сын поселенца,Сын,,,,РГБ № 4555
P002006,1-04-094-0313,150,Александровский,Ново-Михайловское,TRUE,,2,Сын поселенца,Сын,,,,РГБ № 5629
P002032,1-04-105-0339,151,Александровский,Ново-Михайловское,TRUE,,5,Сын ссыльнокаторжной,Незаконнорожденный сын,,,488,РГБ № 5446
P002071,1-04-117-0378,154,Александровский,Ново-Михайловское,TRUE,,18,Сын поселенца,Сын,Холост,Младший надзиратель,,РГБ № 7259
P002087,1-04-122-0394,155,Александровский,Ново-Михайловское,TRUE,,2,Дочь поселенца,Дочь,,,,РГБ № 5754
P002098,1-04-126-0405,155,Александровский,Ново-Михайловское,TRUE,,3,Сын поселенца,,,,,РГБ № 4554
P002115,1-04-131-0422,156,Александровский,Ново-Михайловское,TRUE,,5,Сын поселенца,Сын,,,,РГБ № 5435
P002141,1-05-002-0002,158,Александровский,Красный Яр,TRUE,,29,Поселенец,Хозяин,,,9,РГБ № 1928
P002142,1-05-003-0003,158,Александровский,Красный Яр,TRUE,,30,Поселенец,Хозяин,Холост,Земледелие,10,РГБ № 1929
P002146,1-05-005-0007,158,Александровский,Красный Яр,TRUE,,5,Сын поселенца,Незаконнорожденный сын,,,,РГБ № 5413
P002153,1-05-010-0014,159,Александровский,Красный Яр,TRUE,,27,Поселенец,Хозяин,Холост,,21,РГБ № 1939
P002156,1-05-012-0017,159,Александровский,Красный Яр,TRUE,,37,Поселенец,Хозяин,Женат на родине,,24,РГБ № 1942
P002160,1-05-014-0021,159,Александровский,Красный Яр,TRUE,,,Поселенец,Хозяин,Холост,,28,РГБ № 1945
P002163,1-05-017-0024,159,Александровский,Красный Яр,TRUE,,28,Поселенец,Хозяин,,Земледелие,31,РГБ № 1948
P002164,1-05-017-0025,159,Александровский,Красный Яр,TRUE,,38,Ссыльнокаторжная,Сожительница,,Рабочая,32,РГБ № 1949
P002168,1-05-020-0029,160,Александровский,Красный Яр,TRUE,,43,Поселенец,Хозяин,,Земледелие,36,РГБ № 1953
P002177,1-05-026-0038,160,Александровский,Красный Яр,TRUE,,2,Сын поселенца,Сын,,,45,РГБ № 5626
P002179,1-05-028-0040,160,Александровский,Красный Яр,TRUE,,30,Поселенец,Хозяин,Холост,,47,РГБ № 1963
P002181,1-05-030-0042,161,Александровский,Красный Яр,TRUE,,32,Поселенец,Хозяин,,,49,РГБ № 1965
P002184,1-05-031-0045,161,Александровский,Красный Яр,TRUE,,30,Поселенец,Хозяин,Холост,Земледелие,52,РГБ № 1967
P002192,1-05-034-0053,161,Александровский,Красный Яр,TRUE,,3,Сын ссыльнокаторжной,Незаконнорожденный сын,,,345 60,РГБ № 5225
P002193,1-05-034-0054,161,Александровский,Красный Яр,TRUE,,1,Дочь ссыльнокаторжной,Дочь,,,346 61,РГБ № 5527
P002213,1-05-047-0074,162,Александровский,Красный Яр,TRUE,,36,Поселенец,Хозяин,Вдов,,81,РГБ № 1991
P002215,1-05-047-0076,163,Александровский,Красный Яр,TRUE,,2,Сын ссыльнокаторжной,Незаконнорожденный сын,,,349 83,РГБ № 4610
P002220,1-05-049-0081,163,Александровский,Красный Яр,TRUE,,3,Дочь поселки,Незаконнорожденная дочь,,,351 88.3,РГБ № 5256
P002238,1-06-007-0009,164,Александровский,Бутаково,TRUE,,59,Ссыльнокаторжный,Хозяин,,,12,РГБ № 4142
P002250,1-06-020-0021,165,Александровский,Бутаково,TRUE,,30,Ссыльнокаторжная,Сожительница,,,33,РГБ № 4129
P002252,1-06-021-0023,165,Александровский,Бутаково,TRUE,,38,Ссыльнокаторжный,Хозяин,Женат на родине,,35,РГБ № 4123
P002261,1-08-001-0004,166,Александровский,Арково I,TRUE,,4,Дочь поселенца,Незаконнорожденная дочь,,,4,РГБ № 5351
P002272,1-08-003-0015,166,Александровский,Арково I,TRUE,,6,Сын поселенца,Сын,,,,РГБ № 4358
P002273,1-08-003-0016,166,Александровский,Арково I,TRUE,,2,Сын поселенца,Сын,,,,РГБ № 5636
P002281,1-08-006-0024,167,Александровский,Арково I,TRUE,,2,Сын поселенца,Сын,,,,РГБ № 5635
P002285,1-08-007-0028,167,Александровский,Арково I,TRUE,,5,Сын поселенца,Незаконнорожденный сын,,,427,РГБ № 5408
P002292,1-08-010-0035,168,Александровский,Арково I,TRUE,,1,Сын поселенца,Сын,,,,РГБ № 4804
P002296,1-08-011-0039,168,Александровский,Арково I,TRUE,,5,Сын поселки,Незаконнорожденный сын,,,429,РГБ № 5409
P002301,1-08-012-0044,168,Александровский,Арково I,TRUE,,3,Сын поселенца,Сын,,,,РГБ № 4553
P002311,1-08-016-0054,169,Александровский,Арково I,TRUE,,4,Сын поселенца,Сын,,,,РГБ № 5332
P002351,1-08-025-0094,172,Александровский,Арково I,TRUE,,3,Дочь поселенца,Внучка,,,,РГБ № 5287
P002382,1-09-035-0021,174,Александровский,Арково II,TRUE,,5,Дочь поселенца,Дочь,,,,РГБ № 4290
P002383,1-09-035-0022,174,Александровский,Арково II,TRUE,,2,Сын поселенца,Сын,,,,РГБ № 5627
P002384,1-09-035-0023,174,Александровский,Арково II,TRUE,,0,Дочь поселенца,Дочь,,,,РГБ № 4632
P002387,1-09-036-0026,175,Александровский,Арково II,TRUE,,5,Дочь поселенца,Дочь,,,,РГБ № 4291
P002388,1-09-036-0027,175,Александровский,Арково II,TRUE,,1,Дочь поселенца,Дочь,,,,РГБ № 5578
P002391,1-09-037-0030,175,Александровский,Арково II,TRUE,,6,Сын ссыльнокаторжного,Сын,,,В Николаевске,РГБ № 3952
P002397,1-09-039-0036,175,Александровский,Арково II,TRUE,,6,Сын поселенца,Сын,,,,РГБ № 4355
P002398,1-09-039-0037,175,Александровский,Арково II,TRUE,,4,Сын поселенца,Сын,,,,РГБ № 5326
P002410,1-09-042-0049,176,Александровский,Арково II,TRUE,,5,Сын ссыльнокаторжного,Сын,,,,РГБ № 5434
P002411,1-09-042-0050,176,Александровский,Арково II,TRUE,,1,Сын ссыльнокаторжного,Сын,,,,РГБ № 4800
P002419,1-09-045-0058,176,Александровский,Арково II,TRUE,,3,Дочь поселенца,Дочь,,,,РГБ № 5285
P002428,1-09-047-0067,177,Александровский,Арково II,TRUE,,3,Дочь поселенца,Дочь,,,,РГБ № 5283
P002435,1-09-050-0074,177,Александровский,Арково II,TRUE,,5,Сын поселенца,Сын,,,,РГБ № 5436
P002436,1-09-050-0075,177,Александровский,Арково II,TRUE,,3,Сын поселенца,Сын,,,,РГБ № 4552
P002443,1-09-051-0082,178,Александровский,Арково II,TRUE,,4,Дочь ссыльнокаторжного,Незаконнорожденная дочь,,,386,РГБ № 5396
P002464,1-11-055-0006,179,Александровский,Арково III,TRUE,,4,Дочь ссыльнокаторжного,Дочь,,,,РГБ № 4019
P002468,1-11-057-0010,180,Александровский,Арково III,TRUE,,6,Сын ссыльнокаторжного,Сын,,,,РГБ № 4357
P002469,1-11-057-0011,180,Александровский,Арково III,TRUE,,4,Сын ссыльнокаторжного,Сын,,,,РГБ № 5335
P002473,1-11-058-0015,180,Александровский,Арково III,TRUE,,4,Сын поселенца,Сын,,,,РГБ № 5334
P002485,1-11-061-0027,181,Александровский,Арково III,TRUE,,5,Дочь поселенца,Дочь,,,,РГБ № 4293
P002489,1-11-062-0031,181,Александровский,Арково III,TRUE,,6,Дочь поселенца,Незаконнорожденная дочь,,,6,РГБ № 4332
P002490,1-11-062-0032,181,Александровский,Арково III,TRUE,,2,Дочь поселенца,Незаконнорожденная дочь,,,7,РГБ № 5736
P002507,1-12-005-0014,182,Александровский,Мгачи,TRUE,,42,Ссыльнокаторжный,Хозяин,,,,РГБ № 6215
P002508,1-12-005-0015,182,Александровский,Мгачи,TRUE,,31,Ссыльнокаторжная,Сожительница,,,,РГБ № 6216
P002516,1-12-009-0023,182,Александровский,Мгачи,TRUE,,37,Ссыльнокаторжная,Сожительница,,,,РГБ № 6223
P002533,1-13-017-0005,183,Александровский,Танги,TRUE,,38,Ссыльнокаторжный,Хозяин,Вдов,Рыбак,,РГБ № 6238
P002536,1-13-018-0008,183,Александровский,Танги,TRUE,,,Ссыльнокаторжный,Хозяин,Женат на родине,,,РГБ № 6240
P002541,1-13-019-0013,183,Александровский,Танги,TRUE,,,Ссыльнокаторжный,Хозяин,,Рыбак; Каюр,,РГБ № 6242
P002545,1-14-021-0002,184,Александровский,Хоэ,TRUE,,38,Ссыльнокаторжная,Жена,Женат на Сахалине,,,РГБ № 6246
P002548,1-14-022-0005,184,Александровский,Хоэ,TRUE,,47,Ссыльнокаторжный,Хозяин,Женат на родине,Охотник,,РГБ № 6247
P002552,1-14-023-0009,184,Александровский,Хоэ,TRUE,,28,Ссыльнокаторжная,Сожительница,,,,РГБ № 6250
P002556,1-14-025-0013,184,Александровский,Хоэ,TRUE,,,Ссыльнокаторжная,Сожительница,,,,РГБ № 6254
P002565,1-14-029-0022,184,Александровский,Хоэ,TRUE,,31,Ссыльнокаторжная,Сожительница,,,,РГБ № 6262
P002566,1-14-030-0023,184,Александровский,Хоэ,TRUE,,33,Ссыльнокаторжная,Хозяйка,,,,РГБ № 6263
P002572,1-14-031-0029,185,Александровский,Хоэ,TRUE,,30,Ссыльнокаторжная,Сожительница,,,,РГБ № 6366
P002574,1-14-032-0031,185,Александровский,Хоэ,TRUE,,,Ссыльнокаторжная,Сожительница,,,,РГБ № 6268
P002575,1-15-034-0001,185,Александровский,Трамбаус,TRUE,,,Ссыльнокаторжный,Хозяин,,,,РГБ № 6369
P002578,1-15-035-0004,185,Александровский,Трамбаус,TRUE,,,Ссыльнокаторжный,Хозяин,Женат на родине,,,РГБ № 6371
P002582,1-16-037-0002,185,Александровский,Виахты,TRUE,,35,Ссыльнокаторжная,Сожительница,,,,РГБ № 6375
P002584,1-16-038-0004,185,Александровский,Виахты,TRUE,,36,Ссыльнокаторжная,Сожительница,,,,РГБ № 6377
P002586,1-16-039-0006,186,Александровский,Виахты,TRUE,,31,Ссыльнокаторжная,Сожительница,,,,РГБ № 6379
P002588,1-16-040-0008,186,Александровский,Виахты,TRUE,,38,Ссыльнокаторжная,Сожительница,,,,РГБ № 6381
P002590,1-16-041-0010,186,Александровский,Виахты,TRUE,,,Ссыльнокаторжная,Сожительница,,,,РГБ № 6383
P002592,1-16-042-0012,186,Александровский,Виахты,TRUE,,,Ссыльнокаторжный,Хозяин,Женат на родине,Охотник; Каюр,,РГБ № 6384
P002603,1-17-048-0006,186,Александровский,Ванги,TRUE,,,Ссыльнокаторжная,Сожительница,,,,РГБ № 6391
P002606,1-17-049-0009,187,Александровский,Ванги,TRUE,,,Ссыльнокаторжная,Сожительница,,,,РГБ № 6393
P002617,1-18-002-0007,187,Александровский,Пост Дуэ,TRUE,,30,Ссыльнокаторжный,Жилец,,,У Иванова.5,РГАЛИ № 39
P002641,1-18-008-0031,189,Александровский,Пост Дуэ,TRUE,,,Ссыльнокаторжный,Хозяин,,,167 124,РГАЛИ № 56
P002642,1-18-008-0032,189,Александровский,Пост Дуэ,TRUE,,35,Ссыльнокаторжный,Жилец,,,,РГАЛИ № 57
P002643,1-18-008-0033,189,Александровский,Пост Дуэ,TRUE,,38,Ссыльнокаторжный,Жилец,Женат на родине,,,РГАЛИ № 58
P002644,1-18-008-0034,189,Александровский,Пост Дуэ,TRUE,,38,Ссыльнокаторжная,Жена,Женат на родине,,,РГАЛИ № 2
P002647,1-18-009-0037,189,Александровский,Пост Дуэ,TRUE,,7,Сын поселенца,Сын,,,,РГБ № 3964
P002648,1-18-010-0038,189,Александровский,Пост Дуэ,TRUE,,28,Ссыльнокаторжный,Хозяин,Женат на Сахалине,,,РГАЛИ № 61
P002649,1-18-010-0039,189,Александровский,Пост Дуэ,TRUE,,,Ссыльнокаторжная,Жена,Женат на Сахалине,,,РГАЛИ № 62
P002722,1-18-030-0112,194,Александровский,Пост Дуэ,TRUE,,3,Дочь ссыльнокаторжной,Незаконнорожденная дочь,,,367,РГБ № 5257
P002727,1-18-031-0117,194,Александровский,Пост Дуэ,TRUE,,4,Сын поселенца,Сын,,,,РГБ № 5324
P002740,1-18-034-0130,195,Александровский,Пост Дуэ,TRUE,,5,Дочь поселки,Незаконнорожденная дочь,,,370,РГБ № 5453
P002741,1-18-035-0131,195,Александровский,Пост Дуэ,TRUE,,40,Ссыльнокаторжный,Хозяин,,,,РГАЛИ № 172
P002754,1-18-038-0144,196,Александровский,Пост Дуэ,TRUE,,29,Ссыльнокаторжный,Хозяин,,,,РГАЛИ № 184
P002768,1-18-000-0158,196,Александровский,Пост Дуэ,TRUE,,45,Поселенец,Жилец,Женат на родине,,,РГАЛИ № 193
P002771,1-18-000-0161,197,Александровский,Пост Дуэ,TRUE,,0,Сын рядового,Сын,,,,РГБ № 4831
P002777,1-18-000-0167,197,Александровский,Пост Дуэ,TRUE,,3,Свободного состояния,Сын,,,,РГБ № 4549
P002778,1-18-000-0168,197,Александровский,Пост Дуэ,TRUE,,1,Свободного состояния,Сын,,,,РГБ № 4796
P002781,1-18-000-0171,197,Александровский,Пост Дуэ,TRUE,,1,Свободного состояния,Дочь,,,,РГБ № 5581
P002782,1-18-000-0172,197,Александровский,Пост Дуэ,TRUE,,25,Рядовой,Совладелец,Женат на родине,,,РГАЛИ № 205
P002783,1-18-000-0173,197,Александровский,Пост Дуэ,TRUE,,23,Свободного состояния,Жена,Женат на родине,,,РГАЛИ № 206
P002810,1-18-000-0200,199,Александровский,Пост Дуэ,TRUE,,0,Дочь ссыльнокаторжного,Дочь,,,,РГБ № 3940
P002813,1-18-000-0203,199,Александровский,Пост Дуэ,TRUE,,4,Дочь ссыльнокаторжного,Дочь,,,В Хабаровке,РГБ № 4018
P002820,1-18-000-0210,200,Александровский,Пост Дуэ,TRUE,,1,Сын ссыльнокаторжного,Сын,,,,РГБ № 4958
P002844,1-18-000-0234,201,Александровский,Пост Дуэ,TRUE,,3,Дочь ссыльнокаторжного,Дочь,,,,РГБ № 5282
P002845,1-18-000-0235,201,Александровский,Пост Дуэ,TRUE,,1,Дочь ссыльнокаторжного,Дочь,,,,РГБ № 5575
P002860,1-18-000-0250,202,Александровский,Пост Дуэ,TRUE,,1,Свободного состояния,Дочь,,,,РГБ № 5574
P002876,1-18-000-0266,203,Александровский,Пост Дуэ,TRUE,,3,Сын ссыльнокаторжного,Сын,,,,РГБ № 4548
P002880,1-18-000-0270,203,Александровский,Пост Дуэ,TRUE,,6,Сын ссыльнокаторжной,Незаконнорожденный сын,,,357,РГБ № 4341
P002904,2-19-010-0020,224,Тымовский,Верхний Армудан,TRUE,,3,Дочь поселенца,Дочь,,,1,РГБ № 5279
P002909,2-19-011-0025,224,Тымовский,Верхний Армудан,TRUE,,3,Дочь поселки,Незаконнорожденная дочь,,,25 459,РГБ № 5268
P002912,2-19-011-0028,224,Тымовский,Верхний Армудан,TRUE,,7,Дочь поселки,Приемная дочь,,,28 460. Из Рыковского,РГБ № 4399
P002920,2-19-013-0036,225,Тымовский,Верхний Армудан,TRUE,,29,Ссыльнокаторжный,Жилец,Женат на родине,,37,РГБ № 2743
P002953,2-19-027-0069,227,Тымовский,Верхний Армудан,TRUE,,7,Сын поселенца,Сын,,,72,РГБ № 3968
P002954,2-19-027-0070,227,Тымовский,Верхний Армудан,TRUE,,1,Сын поселенца,Сын,,,73,РГБ № 4956
P002967,2-19-033-0083,228,Тымовский,Верхний Армудан,TRUE,,11,Дочь поселки,Незаконнорожденная дочь,,,86 462,РГБ № 3991
P002974,2-19-036-0090,228,Тымовский,Верхний Армудан,TRUE,,1,Сын ссыльнокаторжной,Незаконнорожденный сын,,,93 463,РГБ № 4910
P003005,2-19-051-0121,230,Тымовский,Верхний Армудан,TRUE,,4,Дочь поселки,Незаконнорожденная дочь,,,124 46 4,РГБ № 5358
P003006,2-19-051-0122,230,Тымовский,Верхний Армудан,TRUE,,2,Сын поселки,Незаконнорожденный сын,,,125 465,РГБ № 5695
P003012,2-19-053-0128,230,Тымовский,Верхний Армудан,TRUE,,3,Сын ссыльнокаторжной,Незаконнорожденный сын,,,131 466,РГБ № 5221
P003022,2-19-057-0138,231,Тымовский,Верхний Армудан,TRUE,,4,Сын ссыльнокаторжной,Незаконнорожденный сын,,,141 468,РГБ № 5346
P003035,2-19-063-0151,231,Тымовский,Верхний Армудан,TRUE,,1,Дочь ссыльнокаторжной,Незаконнорожденная дочь,,,154 469,РГБ № 5524
P003059,2-19-076-0175,233,Тымовский,Верхний Армудан,TRUE,,6,Сын поселки,Незаконнорожденный сын,,,178 471,РГБ № 4339
P003080,2-20-010-0021,234,Тымовский,Нижний Армудан,TRUE,,29,Ссыльнокаторжная,Сожительница,Вдов,,22,РГБ № 4996
P003089,2-20-014-0030,235,Тымовский,Нижний Армудан,TRUE,,2,Дочь ссыльнокаторжной,Незаконнорожденная дочь,,,31 452,РГБ № 5738
P003111,2-20-024-0052,236,Тымовский,Нижний Армудан,TRUE,,3,Сын ссыльнокаторжной,Незаконнорожденный сын,,,53 453,РГБ № 4743
P003112,2-20-024-0053,236,Тымовский,Нижний Армудан,TRUE,,1,Дочь ссыльнокаторжной,Незаконнорожденная дочь,,,54 454,РГБ № 4093
P003114,2-20-025-0055,236,Тымовский,Нижний Армудан,TRUE,,36,Ссыльнокаторжная,Сожительница,Холост,,56,РГБ № 5027
P003115,2-20-025-0056,236,Тымовский,Нижний Армудан,TRUE,,3,Дочь ссыльнокаторжной,Незаконнорожденная дочь,,,57 455,РГБ № 4604
P003116,2-20-025-0057,236,Тымовский,Нижний Армудан,TRUE,,1,Сын ссыльнокаторжной,Незаконнорожденный сын,,,58 456,РГБ № 5106
P003121,2-20-028-0062,236,Тымовский,Нижний Армудан,TRUE,,25,Ссыльнокаторжная,Жена,Женат на Сахалине,,63,РГБ № 5032
P003122,2-20-028-0063,237,Тымовский,Нижний Армудан,TRUE,,5,Сын ссыльнокаторжной,Незаконнорожденный сын,,,64 457,РГБ № 4017
P003123,2-20-028-0064,237,Тымовский,Нижний Армудан,TRUE,,3,Дочь ссыльнокаторжной,Незаконнорожденная дочь,,,65 458,РГБ № 5267
P003127,2-20-030-0068,237,Тымовский,Нижний Армудан,TRUE,,45,Ссыльнокаторжная,Жена,Женат на Сахалине,,69,РГБ № 5036
P003133,2-20-034-0074,237,Тымовский,Нижний Армудан,TRUE,,34,Ссыльнокаторжная,Сожительница,Вдов,,4,РГБ № 5042
P003230,2-21-046-0077,243,Тымовский,Дербинское,TRUE,,46,Крестьянка из ссыльных,Сожительница,Вдов,,Богадельщица,РГБ № 2123
P003234,2-21-047-0081,243,Тымовский,Дербинское,TRUE,,4,Сын поселенца,Сын,,,,РГБ № 5342
P003235,2-21-047-0082,243,Тымовский,Дербинское,TRUE,,2,Дочь поселки,Дочь,,,,РГБ № 4507
P003246,2-21-052-0093,243,Тымовский,Дербинское,TRUE,,40,Ссыльнокаторжный,Хозяин,Женат на родине,,,РГБ № 2133
P003248,2-21-053-0095,244,Тымовский,Дербинское,TRUE,,53,Поселенец,Хозяин,Женат на родине,Рыбак,,РГБ № 2135
P003263,2-21-062-0110,244,Тымовский,Дербинское,TRUE,,0,Дочь ссыльнокаторжного,Дочь,,,,РГБ № 3800
P003270,2-21-080-0117,245,Тымовский,Дербинское,TRUE,,3,Дочь поселки,Незаконнорожденная дочь,,,525,РГБ № 5270
P003271,2-21-081-0118,245,Тымовский,Дербинское,TRUE,,29,Ссыльнокаторжный,Хозяин,Холост,,,РГБ № 2154
P003274,2-21-082-0121,245,Тымовский,Дербинское,TRUE,,2,Дочь поселенца,Дочь,,,,РГБ № 5791
P003275,2-21-082-0122,245,Тымовский,Дербинское,TRUE,,1,Сын поселенца,Сын,,,,РГБ № 4863
P003276,2-21-083-0123,245,Тымовский,Дербинское,TRUE,,45,Крестьянин из ссыльных,,Женат на Сахалине,Младший надзиратель,,РГБ № 2157
P003281,2-21-083-0128,246,Тымовский,Дербинское,TRUE,,1,Дочь ссыльнокаторжного,Дочь,,,,РГБ № 5602
P003284,2-21-084-0131,246,Тымовский,Дербинское,TRUE,,9,Дочь поселенца,Дочь,,,,РГБ № 4236
P003285,2-21-084-0132,246,Тымовский,Дербинское,TRUE,,6,Сын поселенца,Сын,,,,РГБ № 4336
P003287,2-21-084-0134,246,Тымовский,Дербинское,TRUE,,2,Дочь поселенца,Дочь,,,,РГБ № 5790
P003300,2-21-090-0147,247,Тымовский,Дербинское,TRUE,,30,Ссыльнокаторжный,Хозяин,Вдов,,Жена умерла на Сахалине6,РГБ № 2173
P003309,2-21-093-0156,247,Тымовский,Дербинское,TRUE,,29,Запасной рядовой,Жилец,Холост,Старший надзиратель,,РГБ № 2181
P003341,2-21-103-0188,249,Тымовский,Дербинское,TRUE,,2,Дочь поселенца,Дочь,,,,РГБ № 5789
P003349,2-21-105-0196,250,Тымовский,Дербинское,TRUE,,7,Дочь ссыльнокаторжной,Незаконнорожденная дочь,,,522,РГБ № 400
P003368,2-21-115-0215,251,Тымовский,Дербинское,TRUE,,12,Дочь ссыльнокаторжной,Дочь,,,,РГБ № 3987
P003369,2-21-115-0216,251,Тымовский,Дербинское,TRUE,,10,Сын ссыльнокаторжной,Незаконнорожденный сын,,,519,РГБ № 4441
P003430,2-21-136-0277,254,Тымовский,Дербинское,TRUE,,2,Дочь ссыльнокаторжного,Дочь,,,,РГБ № 5792
P003431,2-21-136-0278,254,Тымовский,Дербинское,TRUE,,1,Дочь ссыльнокаторжного,Дочь,,,,РГБ № 5603
P003435,2-21-138-0282,255,Тымовский,Дербинское,TRUE,,23,Поселенец,Хозяин,,,,РГБ № 2264
P003439,2-21-141-0286,255,Тымовский,Дербинское,TRUE,,0,Сын ссыльнокаторжного,Сын,,,,РГБ № 4194
P003440,2-21-141-0287,255,Тымовский,Дербинское,TRUE,,0,Сын ссыльнокаторжного,Сын,,,близнец,РГБ № 4124
P003449,2-21-148-0296,255,Тымовский,Дербинское,TRUE,,30,Поселенец,Хозяин,,,,РГБ № 2275
P003463,2-21-155-0310,256,Тымовский,Дербинское,TRUE,,0,Дочь ссыльнокаторжного,Дочь,,,,РГБ № 3803
P003470,2-21-162-0317,256,Тымовский,Дербинское,TRUE,,55,Ссыльнокаторжный,Хозяин,Вдов,,,РГБ № 2294
P003471,2-21-163-0318,257,Тымовский,Дербинское,TRUE,,35,Ссыльнокаторжный,Хозяин,Вдов,,,РГБ № 2295
P003472,2-21-164-0319,257,Тымовский,Дербинское,TRUE,,42,Ссыльнокаторжный,Хозяин,Женат на родине,,,РГБ № 2296
P003474,2-21-165-0321,257,Тымовский,Дербинское,TRUE,,33,Ссыльнокаторжный,Хозяин,Женат на родине,,,РГБ № 2298
P003477,2-21-167-0324,257,Тымовский,Дербинское,TRUE,,37,Ссыльнокаторжный,Хозяин,Женат на родине,,,РГБ № 2300
P003487,2-21-170-0334,257,Тымовский,Дербинское,TRUE,,,Ссыльнокаторжная,Сожительница,,,,РГБ № 2308
P003489,2-21-171-0336,257,Тымовский,Дербинское,TRUE,,37,Поселка,Сожительница,,,,РГБ № 2310
P003492,2-21-172-0339,257,Тымовский,Дербинское,TRUE,,,Ссыльнокаторжная,Сожительница,,,,РГБ № 2312
P003494,2-21-173-0341,258,Тымовский,Дербинское,TRUE,,33,Ссыльнокаторжный,Хозяин,Женат на родине,,,РГБ № 2314
P003499,2-21-177-0346,258,Тымовский,Дербинское,TRUE,,29,Поселенец,Хозяин,Женат на родине,,,РГБ № 2319
P003501,2-21-177-0348,258,Тымовский,Дербинское,TRUE,,2,Дочь поселенца,Дочь,,,,РГБ № 5742
P003502,2-21-177-0349,258,Тымовский,Дербинское,TRUE,,0,Сын поселенца,Сын,,,,РГБ № 4179
P003511,2-21-181-0358,258,Тымовский,Дербинское,TRUE,,35,Ссыльнокаторжный,Совладелец,Женат на родине,,,РГБ № 2328
P003540,2-21-195-0387,260,Тымовский,Дербинское,TRUE,,31,Поселенец,Хозяин,,,,РГБ № 2351
P003545,2-21-197-0392,260,Тымовский,Дербинское,TRUE,,31,Ссыльнокаторжный,Хозяин,,,,РГБ № 2355
P003547,2-21-197-0394,260,Тымовский,Дербинское,TRUE,,26,Поселенец,Совладелец,Женат на родине,,,РГБ № 2356
P003550,2-21-198-0397,260,Тымовский,Дербинское,TRUE,,52,Ссыльнокаторжный,Хозяин,Женат на родине,,,РГБ № 2358
P003564,2-21-204-0411,261,Тымовский,Дербинское,TRUE,,49,Поселенец,Хозяин,Женат на родине,,,РГБ № 2369
P003569,2-21-206-0416,261,Тымовский,Дербинское,TRUE,,29,Поселенец,Хозяин,,,,РГБ № 2372
P003571,2-21-208-0418,261,Тымовский,Дербинское,TRUE,,30,Ссыльнокаторжный,Хозяин,Женат на родине,,,РГБ № 2374
P003579,2-21-211-0426,261,Тымовский,Дербинское,TRUE,,26,Поселенец,Хозяин,,,,РГБ № 2379
P003580,2-21-211-0427,262,Тымовский,Дербинское,TRUE,,49,Ссыльнокаторжный,Совладелец,Холост,,,РГБ № 2380
P003583,2-21-213-0430,262,Тымовский,Дербинское,TRUE,,,Ссыльнокаторжный,Хозяин,Женат на родине,,,РГБ № 2383
P003589,2-21-216-0436,262,Тымовский,Дербинское,TRUE,,27,Ссыльнокаторжный,Совладелец,Женат на родине,,,РГБ № 2389
P003597,2-21-220-0444,262,Тымовский,Дербинское,TRUE,,20,Ссыльнокаторжная,Сожительница,,,,РГБ № 7161
P003601,2-21-222-0448,263,Тымовский,Дербинское,TRUE,,52,Ссыльнокаторжный,Хозяин,Женат на родине,,,РГБ № 2399
P003608,2-21-226-0455,263,Тымовский,Дербинское,TRUE,,28,Ссыльнокаторжный,Хозяин,Женат на родине,,,РГБ № 2406
P003612,2-21-227-0459,263,Тымовский,Дербинское,TRUE,,46,Ссыльнокаторжный,Совладелец,Женат на родине,,,РГБ № 2409
P003617,2-21-230-0464,263,Тымовский,Дербинское,TRUE,,30,Ссыльнокаторжный,Хозяин,Женат на родине,,,РГБ № 2414
P003620,2-21-231-0467,263,Тымовский,Дербинское,TRUE,,29,Ссыльнокаторжный,Хозяин,Женат на родине,,,РГБ № 2416
P003623,2-21-232-0470,264,Тымовский,Дербинское,TRUE,,38,Поселенец,Хозяин,,,,РГБ № 2418
P003633,2-21-239-0480,264,Тымовский,Дербинское,TRUE,,51,Ссыльнокаторжный,Хозяин,Женат на родине,,,РГБ № 2427
P003636,2-21-240-0483,264,Тымовский,Дербинское,TRUE,,35,Ссыльнокаторжный,Хозяин,Женат на родине,,,РГБ № 2429
P003641,2-21-243-0488,265,Тымовский,Дербинское,TRUE,,28,Ссыльнокаторжный,Хозяин,Женат на родине,,,РГБ № 2434
P003653,2-21-250-0500,265,Тымовский,Дербинское,TRUE,,1,Дочь ссыльнокаторжного,Дочь,,,,РГБ № 5558
P003663,2-21-254-0510,266,Тымовский,Дербинское,TRUE,,1,Дочь ссыльнокаторжного,Дочь,,,,РГБ № 5559
P003666,2-21-256-0513,266,Тымовский,Дербинское,TRUE,,3,Сын поселенца,Сын,,,,РГБ № 5217
P003669,2-21-259-0516,266,Тымовский,Дербинское,TRUE,,5,Дочь ссыльнокаторжного,Дочь,,,,РГБ № 4004
P003670,2-21-259-0517,266,Тымовский,Дербинское,TRUE,,2,Сын ссыльнокаторжного,Сын,,,,РГБ № 5643
P003673,2-21-260-0520,267,Тымовский,Дербинское,TRUE,,1,Дочь ссыльнокаторжного,Дочь,,,,РГБ № 5560
P003676,2-21-261-0523,267,Тымовский,Дербинское,TRUE,,1,Сын ссыльнокаторжного,Сын,,,,РГБ № 4859
P003679,2-21-265-0526,267,Тымовский,Дербинское,TRUE,,2,Сын поселенца,Сын,,,,РГБ № 5644
P003685,2-21-267-0532,267,Тымовский,Дербинское,TRUE,,7,Сын ссыльнокаторжного,Сын,,,,РГБ № 3969
P003686,2-21-267-0533,267,Тымовский,Дербинское,TRUE,,2,Сын ссыльнокаторжного,Сын,,,,РГБ № 5645
P003689,2-21-268-0536,268,Тымовский,Дербинское,TRUE,,1,Дочь поселенца,Дочь,,,,РГБ № 5561
P003692,2-21-269-0539,268,Тымовский,Дербинское,TRUE,,1,Сын поселенца,Сын,,,,РГБ № 4858
P003695,2-21-270-0542,268,Тымовский,Дербинское,TRUE,,3,Сын поселенца,Сын,,,,РГБ № 5164
P003696,2-21-270-0543,268,Тымовский,Дербинское,TRUE,,1,Сын поселенца,Сын,,,,РГБ № 4857
P003697,2-21-271-0544,268,Тымовский,Дербинское,TRUE,,50,Ссыльнокаторжный,Хозяин,Женат на родине,,,РГБ № 2474
P003700,2-21-272-0547,268,Тымовский,Дербинское,TRUE,,44,Ссыльнокаторжный,Хозяин,Женат на родине,,,РГБ № 2476
P003703,2-21-273-0550,268,Тымовский,Дербинское,TRUE,,23,Поселенец,Хозяин,Женат на родине,,,РГБ № 2478
P003706,2-21-275-0553,268,Тымовский,Дербинское,TRUE,,54,Поселенец,Хозяин,Женат на родине,,,РГБ № 2480
P003709,2-21-276-0556,269,Тымовский,Дербинское,TRUE,,38,Ссыльнокаторжный,Хозяин,Женат на родине,,,РГБ № 2482
P003713,2-21-277-0560,269,Тымовский,Дербинское,TRUE,,49,Ссыльнокаторжный,Хозяин,Женат на родине,,,РГБ № 2484
P003716,2-21-278-0563,269,Тымовский,Дербинское,TRUE,,41,Ссыльнокаторжный,Хозяин,Женат на родине,,,РГБ № 2486
P003720,2-21-279-0567,269,Тымовский,Дербинское,TRUE,,30,Ссыльнокаторжный,Хозяин,Женат на родине,,,РГБ № 2488
P003721,2-21-279-0568,269,Тымовский,Дербинское,TRUE,,30,Ссыльнокаторжная,Жена,Женат на родине,,,РГБ № 2489
P003723,2-21-280-0570,269,Тымовский,Дербинское,TRUE,,38,Ссыльнокаторжный,Хозяин,Женат на родине,,,РГБ № 2490
P003725,2-21-281-0572,269,Тымовский,Дербинское,TRUE,,47,Ссыльнокаторжный,Хозяин,Женат на родине,,,РГБ № 2492
P003729,2-21-282-0576,270,Тымовский,Дербинское,TRUE,,51,Ссыльнокаторжный,Хозяин,Женат на родине,,,РГБ № 2494
P003731,2-21-283-0578,270,Тымовский,Дербинское,TRUE,,33,Поселенец,Хозяин,,,,РГБ № 2496
P003732,2-21-284-0579,270,Тымовский,Дербинское,TRUE,,47,Ссыльнокаторжный,Хозяин,Женат на родине,,,РГБ № 2497
P003734,2-21-285-0581,270,Тымовский,Дербинское,TRUE,,27,Ссыльнокаторжный,Хозяин,Женат на родине,,,РГБ № 2499
P003737,2-21-286-0584,270,Тымовский,Дербинское,TRUE,,36,Ссыльнокаторжный,Хозяин,Женат на родине,,,РГБ № 2501
P003739,2-21-287-0586,270,Тымовский,Дербинское,TRUE,,37,Ссыльнокаторжный,Хозяин,Женат на родине,,,РГБ № 2503
P003742,2-21-288-0589,270,Тымовский,Дербинское,TRUE,,28,Ссыльнокаторжный,Хозяин,Женат на родине,,,РГБ № 2505
P003745,2-21-289-0592,271,Тымовский,Дербинское,TRUE,,39,Ссыльнокаторжный,Хозяин,Женат на родине,,,РГБ № 2507
P003748,2-21-290-0595,271,Тымовский,Дербинское,TRUE,,50,Ссыльнокаторжный,Хозяин,Женат на родине,,,РГБ № 2509
P003750,2-21-291-0597,271,Тымовский,Дербинское,TRUE,,39,Поселенец,Хозяин,Женат на родине,,,РГБ № 2511
P003754,2-21-292-0601,271,Тымовский,Дербинское,TRUE,,37,Ссыльнокаторжный,Хозяин,Женат на родине,,,РГБ № 2513
P003756,2-21-295-0603,271,Тымовский,Дербинское,TRUE,,29,Ссыльнокаторжный,Хозяин,Женат на родине,,,РГБ № 2515
P003759,2-21-296-0606,271,Тымовский,Дербинское,TRUE,,40,Ссыльнокаторжный,Хозяин,Женат на родине,,,РГБ № 2517
P003762,2-21-297-0609,271,Тымовский,Дербинское,TRUE,,30,Поселенец,Хозяин,Женат на родине,,,РГБ № 2519
P003765,2-21-298-0612,272,Тымовский,Дербинское,TRUE,,25,Ссыльнокаторжный,Хозяин,Женат на родине,,,РГБ № 2521
P003769,2-21-299-0616,272,Тымовский,Дербинское,TRUE,,30,Поселенец,Хозяин,Женат на родине,,,РГБ № 2523
P003772,2-21-300-0619,272,Тымовский,Дербинское,TRUE,,30,Поселенец,Хозяин,Женат на родине,,,РГБ № 2525
P003775,2-21-301-0622,272,Тымовский,Дербинское,TRUE,,26,Ссыльнокаторжный,Хозяин,Женат на родине,,,РГБ № 2527
P003778,2-21-302-0625,272,Тымовский,Дербинское,TRUE,,38,Ссыльнокаторжный,Хозяин,Женат на родине,,,РГБ № 2529
P003780,2-21-304-0627,272,Тымовский,Дербинское,TRUE,,35,Ссыльнокаторжный,Хозяин,Женат на родине,,,РГБ № 2531
P003786,2-22-001-0001,273,Тымовский,Воскресенское,TRUE,,35,Поселенец,Хозяин,,,,РГБ № 2534
P003788,2-22-002-0003,273,Тымовский,Воскресенское,TRUE,,31,Поселенец,Хозяин,,,,РГБ № 2536
P003789,2-22-003-0004,273,Тымовский,Воскресенское,TRUE,,25,Поселенец,Хозяин,,,,РГБ № 2537
P003791,2-22-004-0006,273,Тымовский,Воскресенское,TRUE,,30,Поселенец,Хозяин,,,,РГБ № 2539
P003792,2-22-004-0007,273,Тымовский,Воскресенское,TRUE,,46,Поселенец,Совладелец,,,,РГБ № 2540
P003793,2-22-005-0008,273,Тымовский,Воскресенское,TRUE,,47,Поселенец,Хозяин,Вдов,,,РГБ № 2541
P003795,2-22-006-0010,273,Тымовский,Воскресенское,TRUE,,60,Поселенец,Совладелец,,,,РГБ № 2543
P003796,2-22-007-0011,273,Тымовский,Воскресенское,TRUE,,33,Поселенец,Хозяин,Холост,,,РГБ № 2544
P003798,2-22-008-0013,273,Тымовский,Воскресенское,TRUE,,53,Поселенец,Хозяин,Вдов,,,РГБ № 2546
P003800,2-22-009-0015,273,Тымовский,Воскресенское,TRUE,,35,Поселенец,Хозяин,Холост,,,РГБ № 2548
P003801,2-22-009-0016,274,Тымовский,Воскресенское,TRUE,,36,Поселенец,Совладелец,Холост,,,РГБ № 2549
P003802,2-22-010-0017,274,Тымовский,Воскресенское,TRUE,,33,Поселенец,Хозяин,,,,РГБ № 2550
P003803,2-22-011-0018,274,Тымовский,Воскресенское,TRUE,,33,Поселенец,Хозяин,Женат на родине,,,РГБ № 2551
P003804,2-22-011-0019,274,Тымовский,Воскресенское,TRUE,,28,Поселенец,Совладелец,Женат на родине,,,РГБ № 2552
P003805,2-22-012-0020,274,Тымовский,Воскресенское,TRUE,,46,Поселенец,Хозяин,,,,РГБ № 2553
P003806,2-22-012-0021,274,Тымовский,Воскресенское,TRUE,,45,Поселенец,Совладелец,,,,РГБ № 2554
P003807,2-22-013-0022,274,Тымовский,Воскресенское,TRUE,,31,Поселенец,Хозяин,Холост,,,РГБ № 2555
P003808,2-22-013-0023,274,Тымовский,Воскресенское,TRUE,,36,Поселенец,Совладелец,,,,РГБ № 2556
P003811,2-22-015-0026,274,Тымовский,Воскресенское,TRUE,,40,Поселенец,Хозяин,,,,РГБ № 2559
P003814,2-22-016-0029,274,Тымовский,Воскресенское,TRUE,,35,Поселенец,Совладелец,,,,РГБ № 2562
P003815,2-22-017-0030,274,Тымовский,Воскресенское,TRUE,,50,Поселенец,Хозяин,,,,РГБ № 2563
P003821,2-22-019-0036,275,Тымовский,Воскресенское,TRUE,,25,Ссыльнокаторжная,Сожительница,,,,РГБ № 2569
P003837,2-22-027-0052,275,Тымовский,Воскресенское,TRUE,,38,Ссыльнокаторжная,Сожительница,,,,РГБ № 2584
P003840,2-22-028-0055,276,Тымовский,Воскресенское,TRUE,,35,Поселенец,Совладелец,,,,РГБ № 2587
P003841,2-22-029-0056,276,Тымовский,Воскресенское,TRUE,,45,Поселенец,Хозяин,,,,РГБ № 2588
P003846,2-22-031-0061,276,Тымовский,Воскресенское,TRUE,,29,Ссыльнокаторжная,Сожительница,,,,РГБ № 2593
P003848,2-22-032-0063,276,Тымовский,Воскресенское,TRUE,,28,Поселенец,Хозяин,,,,РГБ № 2595
P003853,2-22-035-0068,276,Тымовский,Воскресенское,TRUE,,44,Поселенец,Совладелец,Холост,,,РГБ № 2600
P003871,2-22-050-0086,277,Тымовский,Воскресенское,TRUE,,28,Поселенец,Хозяин,,,,РГБ № 2618
P003882,2-22-057-0097,278,Тымовский,Воскресенское,TRUE,,38,Поселенец,Хозяин,,,,РГБ № 2629
P003885,2-22-059-0100,278,Тымовский,Воскресенское,TRUE,,42,Поселенец,Хозяин,,,,РГБ № 2632
P003896,2-22-066-0111,278,Тымовский,Воскресенское,TRUE,,67,Поселенец,Хозяин,Женат на родине,,,РГБ № 2643
P003904,2-22-071-0119,279,Тымовский,Воскресенское,TRUE,,36,Поселенец,Хозяин,Женат на родине,,,РГБ № 2651
P003906,2-22-072-0121,279,Тымовский,Воскресенское,TRUE,,30,Поселенец,Хозяин,Женат на родине,,,РГБ № 2653
P003910,2-22-073-0125,279,Тымовский,Воскресенское,TRUE,,24,Ссыльнокаторжная,Сожительница,,,,РГБ № 2657
P003918,2-22-078-0133,279,Тымовский,Воскресенское,TRUE,,38,Поселенец,Хозяин,Холост,,,РГБ № 2665
P003920,2-22-079-0135,279,Тымовский,Воскресенское,TRUE,,22,Ссыльнокаторжная,Сожительница,,,,РГБ № 2667
P003927,2-22-083-0142,280,Тымовский,Воскресенское,TRUE,,,Поселенец,Хозяин,,,,РГБ № 2674
P003928,2-22-083-0143,280,Тымовский,Воскресенское,TRUE,,35,Поселенец,Совладелец,,,,РГБ № 2675
P003937,2-22-088-0152,280,Тымовский,Воскресенское,TRUE,,21,Поселенец,Хозяин,,,,РГБ № 2684а
P003938,2-22-088-0153,280,Тымовский,Воскресенское,TRUE,,41,Поселенец,Совладелец,Холост,,,РГБ № 2685
P003941,2-22-089-0156,280,Тымовский,Воскресенское,TRUE,,2,Дочь поселки,Незаконнорожденная дочь,,,472,РГБ № 5739
P003943,2-22-091-0158,280,Тымовский,Воскресенское,TRUE,,37,Поселенец,Хозяин,Женат на родине,,,РГБ № 2688
P003944,2-22-091-0159,280,Тымовский,Воскресенское,TRUE,,27,Поселенец,Совладелец,Женат на родине,,,РГБ № 2689
P003948,2-22-093-0163,281,Тымовский,Воскресенское,TRUE,,36,Ссыльнокаторжный,Совладелец,Холост,,,РГБ № 2693
P003949,2-22-094-0164,281,Тымовский,Воскресенское,TRUE,,28,Поселенец,Хозяин,Женат на родине,,,РГБ № 2694
P003950,2-22-094-0165,281,Тымовский,Воскресенское,TRUE,,22,Поселенец,Совладелец,Холост,,,РГБ № 2695
P003952,2-22-095-0167,281,Тымовский,Воскресенское,TRUE,,46,Поселенец,Совладелец,,,,РГБ № 2697
P003969,2-23-001-0001,282,Тымовский,Усково,TRUE,,23,Поселенец,Хозяин,Холост,,,РГБ № 3035
P003970,2-23-001-0002,282,Тымовский,Усково,TRUE,,28,Поселенец,Совладелец,,,,РГБ № 3036
P003971,2-23-002-0003,282,Тымовский,Усково,TRUE,,27,Ссыльнокаторжный,Хозяин,Женат на родине,,,РГБ № 3037
P003973,2-23-002-0005,282,Тымовский,Усково,TRUE,,35,Ссыльнокаторжный,Совладелец,Вдов,,,РГБ № 3039
P003974,2-23-003-0006,282,Тымовский,Усково,TRUE,,50,Ссыльнокаторжный,Хозяин,Женат на родине,,,РГБ № 3040
P003978,2-23-004-0010,282,Тымовский,Усково,TRUE,,53,Ссыльнокаторжный,Хозяин,Женат на родине,,,РГБ № 3042
P003980,2-23-004-0012,283,Тымовский,Усково,TRUE,,33,Ссыльнокаторжный,Совладелец,Женат на родине,,,РГБ № 3044
P003983,2-23-005-0015,283,Тымовский,Усково,TRUE,,38,Поселенец,Совладелец,Женат на родине,,,РГБ № 3047
P003984,2-23-006-0016,283,Тымовский,Усково,TRUE,,24,Поселенец,Хозяин,,,,РГБ № 3048
P003985,2-23-006-0017,283,Тымовский,Усково,TRUE,,29,Поселенец,Совладелец,,,,РГБ № 3049
P003986,2-23-007-0018,283,Тымовский,Усково,TRUE,,49,Ссыльнокаторжный,Хозяин,Женат на родине,,,РГБ № 3050
P003988,2-23-007-0020,283,Тымовский,Усково,TRUE,,38,Ссыльнокаторжный,Совладелец,Женат на родине,,,РГБ № 3052
P003991,2-23-008-0023,283,Тымовский,Усково,TRUE,,38,Поселенец,Хозяин,,,,РГБ № 3054
P003992,2-23-008-0024,283,Тымовский,Усково,TRUE,,29,Поселенец,Совладелец,,,,РГБ № 3055
P003993,2-23-009-0025,283,Тымовский,Усково,TRUE,,53,Ссыльнокаторжный,Хозяин,Женат на родине,,,РГБ № 3056
P003996,2-23-009-0028,283,Тымовский,Усково,TRUE,,37,Ссыльнокаторжный,Совладелец,Женат на родине,,,РГБ № 3058
P003999,2-23-010-0031,283,Тымовский,Усково,TRUE,,50,Поселенец,Хозяин,Женат на родине,,,РГБ № 3060
P004000,2-23-010-0032,284,Тымовский,Усково,TRUE,,50,Поселенец,Совладелец,,,,РГБ № 3061
P004001,2-23-011-0033,284,Тымовский,Усково,TRUE,,51,Поселенец,Хозяин,Холост,,,РГБ № 3062
P004002,2-23-012-0034,284,Тымовский,Усково,TRUE,,26,Поселенец,Хозяин,,,,РГБ № 3063
P004003,2-23-012-0035,284,Тымовский,Усково,TRUE,,30,Поселенец,Совладелец,,,,РГБ № 3064
P004004,2-23-013-0036,284,Тымовский,Усково,TRUE,,25,Поселенец,Хозяин,Холост,,,РГБ № 3065
P004005,2-23-014-0037,284,Тымовский,Усково,TRUE,,40,Поселенец,Хозяин,,,,РГБ № 3066
P004006,2-23-014-0038,284,Тымовский,Усково,TRUE,,26,Поселенец,Совладелец,,,,РГБ № 3067
P004009,2-23-016-0041,284,Тымовский,Усково,TRUE,,48,Поселенец,Совладелец,Женат на родине,,,РГБ № 3070
P004010,2-23-017-0042,284,Тымовский,Усково,TRUE,,25,Поселенец,Хозяин,,,,РГБ № 3071
P004011,2-23-017-0043,284,Тымовский,Усково,TRUE,,38,Поселенец,Совладелец,Женат на родине,,,РГБ № 3072
P004012,2-23-018-0044,284,Тымовский,Усково,TRUE,,28,Поселенец,Хозяин,Холост,,,РГБ № 3073
P004013,2-23-018-0045,284,Тымовский,Усково,TRUE,,29,Поселенец,Совладелец,Холост,,,РГБ № 3074
P004014,2-23-019-0046,284,Тымовский,Усково,TRUE,,33,Поселенец,Хозяин,Женат на родине,,,РГБ № 3075
P004015,2-23-019-0047,284,Тымовский,Усково,TRUE,,35,Поселенец,Совладелец,Женат на родине,,,РГБ № 3076
P004017,2-23-021-0049,284,Тымовский,Усково,TRUE,,29,Поселенец,Хозяин,,,,РГБ № 3078
P004018,2-23-021-0050,284,Тымовский,Усково,TRUE,,27,Поселенец,Совладелец,Холост,,,РГБ № 3079
P004019,2-23-022-0051,284,Тымовский,Усково,TRUE,,40,Поселенец,Хозяин,Холост,,,РГБ № 3080
P004020,2-23-023-0052,284,Тымовский,Усково,TRUE,,34,Поселенец,Хозяин,Женат на родине,,,РГБ № 3081
P004021,2-23-024-0053,284,Тымовский,Усково,TRUE,,44,Поселенец,Хозяин,,,,РГБ № 3082
P004022,2-23-025-0054,285,Тымовский,Усково,TRUE,,28,Поселенец,Хозяин,Холост,,,РГБ № 3083
P004023,2-23-025-0055,285,Тымовский,Усково,TRUE,,27,Поселенец,Совладелец,Холост,,,РГБ № 3084
P004024,2-23-026-0056,285,Тымовский,Усково,TRUE,,28,Поселенец,Хозяин,Холост,,,РГБ № 3085
P004025,2-23-027-0057,285,Тымовский,Усково,TRUE,,36,Поселенец,Хозяин,Вдов,,,РГБ № 3086
P004026,2-23-027-0058,285,Тымовский,Усково,TRUE,,28,Поселенец,Совладелец,,,,РГБ № 3087
P004027,2-23-028-0059,285,Тымовский,Усково,TRUE,,29,Поселенец,Хозяин,Холост,,,РГБ № 3088
P004028,2-23-028-0060,285,Тымовский,Усково,TRUE,,40,Ссыльнокаторжная,Сожительница,,,,РГБ № 3089
P004029,2-23-029-0061,285,Тымовский,Усково,TRUE,,22,Поселенец,Хозяин,,,,РГБ № 3090
P004030,2-23-030-0062,285,Тымовский,Усково,TRUE,,23,Поселенец,Хозяин,,,,РГБ № 3091
P004031,2-23-031-0063,285,Тымовский,Усково,TRUE,,27,Поселенец,Хозяин,Женат на родине,,,РГБ № 3092
P004032,2-23-032-0064,285,Тымовский,Усково,TRUE,,27,Поселенец,Хозяин,Холост,,,РГБ № 3093
P004033,2-23-033-0065,285,Тымовский,Усково,TRUE,,23,Поселенец,Хозяин,Холост,,,РГБ № 3094
P004034,2-23-033-0066,285,Тымовский,Усково,TRUE,,35,Поселенец,Совладелец,Вдов,,,РГБ № 3095
P004035,2-23-034-0067,285,Тымовский,Усково,TRUE,,35,Поселенец,Хозяин,Женат на родине,,,РГБ № 3096
P004036,2-23-034-0068,285,Тымовский,Усково,TRUE,,37,Поселенец,Совладелец,Женат на родине,,,РГБ № 3097
P004063,2-24-007-0027,287,Тымовский,Рыковское,TRUE,,2,Дочь поселенца,Дочь,,,29,РГБ № 5783
P004077,2-24-011-0041,288,Тымовский,Рыковское,TRUE,,3,Дочь поселенца,Дочь,,,49,РГБ № 5233
P004094,2-24-015-0058,289,Тымовский,Рыковское,TRUE,,3,Сын поселенца,Сын,,,67,РГБ № 4532
P004095,2-24-015-0059,289,Тымовский,Рыковское,TRUE,,1,Дочь поселенца,Дочь,,,68,РГБ № 5518
P004108,2-24-018-0072,290,Тымовский,Рыковское,TRUE,,1,Дочь ссыльнокаторжного,Дочь,,,81,РГБ № 5599
P004114,2-24-019-0078,290,Тымовский,Рыковское,TRUE,,2,Дочь поселенца,Дочь,,,88,РГБ № 5782
P004117,2-24-020-0081,290,Тымовский,Рыковское,TRUE,,2,Сын ссыльнокаторжного,Сын,,,91,РГБ № 4618
P004146,2-24-027-0110,292,Тымовский,Рыковское,TRUE,,10,Дочь поселенца,Дочь,,,124,РГБ № 4491
P004147,2-24-027-0111,292,Тымовский,Рыковское,TRUE,,8,Сын поселенца,Сын,,,125,РГБ № 4481
P004148,2-24-027-0112,292,Тымовский,Рыковское,TRUE,,5,Дочь поселенца,,,,126,РГБ № 4276а
P004149,2-24-027-0113,292,Тымовский,Рыковское,TRUE,,4,Сын поселенца,,,,127,РГБ № 5309
P004150,2-24-027-0114,292,Тымовский,Рыковское,TRUE,,1,Дочь поселенца,Дочь,,,"свободных -10. Хозяев мужчин 26, женщин 1. Совладельцев мужчин 14, женщин 1. Женаты на родине 44, из них живут с сожителем 28, в сожительстве 7. 1378 537 841 1378",РГБ № 5601
P004172,2-24-033-0136,293,Тымовский,Рыковское,TRUE,,1,Сын ссыльнокаторжного,Сын,,,151,РГБ № 4903
P004181,2-24-035-0145,294,Тымовский,Рыковское,TRUE,,1,Сын ссыльнокаторжного,Сын,,,160,РГБ № 4904
P004199,2-24-039-0163,295,Тымовский,Рыковское,TRUE,,11,,Приемная дочь,,,176 215,РГБ № 4257
P004226,2-24-044-0190,296,Тымовский,Рыковское,TRUE,,2,Сын ссыльнокаторжной,Незаконнорожденный сын,,,206 218,РГБ № 5680
P004231,2-24-045-0195,297,Тымовский,Рыковское,TRUE,,3,Дочь ссыльнокаторжной,Незаконнорожденная дочь,,,211 219,РГБ № 5247
P004242,2-24-049-0206,297,Тымовский,Рыковское,TRUE,,1,Дочь ссыльнокаторжного,Дочь,,,222,РГБ № 5596
P004288,2-24-061-0252,300,Тымовский,Рыковское,TRUE,,,Поселенец,Жилец,,,269,РГБ № 1224
P004333,2-24-069-0297,302,Тымовский,Рыковское,TRUE,,24,Ссыльнокаторжный,Хозяин,Холост,Писарь,315,РГБ № 1240
P004352,2-24-073-0316,304,Тымовский,Рыковское,TRUE,,2,Сын ссыльнокаторжной,Незаконнорожденный сын,,,335 220,РГБ № 4612
P004380,2-24-079-0344,305,Тымовский,Рыковское,TRUE,,10,Дочь ссыльнокаторжной,Незаконнорожденная дочь,,,364 221.2,РГБ № 5503
P004381,2-24-079-0345,305,Тымовский,Рыковское,TRUE,,7,Дочь ссыльнокаторжной,Незаконнорожденная дочь,,,365 222.3,РГБ № 4396
P004382,2-24-079-0346,306,Тымовский,Рыковское,TRUE,,5,Сын ссыльнокаторжной,Незаконнорожденный сын,,,223,РГБ № 5415
P004391,2-24-081-0355,306,Тымовский,Рыковское,TRUE,,8,Дочь поселенца,Дочь,,,,РГБ № 5489
P004392,2-24-081-0356,306,Тымовский,Рыковское,TRUE,,4,Дочь поселенца,Дочь,,,377,РГБ № 5367
P004393,2-24-081-0357,306,Тымовский,Рыковское,TRUE,,2,Дочь поселенца,Дочь,,,378,РГБ № 5777
P004417,2-24-086-0381,308,Тымовский,Рыковское,TRUE,,5,Сын поселки,Незаконнорожденный сын,,,406 224,РГБ № 4015
P004418,2-24-086-0382,308,Тымовский,Рыковское,TRUE,,3,Сын поселки,Незаконнорожденный сын,,,407 225,РГБ № 4510
P004458,2-24-096-0422,310,Тымовский,Рыковское,TRUE,,8,Дочь ссыльнокаторжной,Незаконнорожденная дочь,,,236,РГБ № 5492
P004459,2-24-096-0423,310,Тымовский,Рыковское,TRUE,,1,Сын ссыльнокаторжной,Незаконнорожденный сын,,,450 237,РГБ № 4864
P004476,2-24-100-0440,311,Тымовский,Рыковское,TRUE,,2,Сын ссыльнокаторжной,Незаконнорожденный сын,,,467 238,РГБ № 5678
P004483,2-24-112-0447,311,Тымовский,Рыковское,TRUE,,2,Сын поселенца,Сын,,,475,РГБ № 5606
P004484,2-24-112-0448,311,Тымовский,Рыковское,TRUE,,1,Сын поселенца,Сын,,,1,РГБ № 4775
P004488,2-24-113-0452,312,Тымовский,Рыковское,TRUE,,1,Дочь ссыльнокаторжного,Дочь,,,480,РГБ № 4090
P004500,2-24-118-0464,312,Тымовский,Рыковское,TRUE,,3,Дочь поселенца,Дочь,,,493,РГБ № 5230
P004501,2-24-118-0465,312,Тымовский,Рыковское,TRUE,,2,Сын поселенца,Сын,,,494,РГБ № 5607
P004504,2-24-119-0468,312,Тымовский,Рыковское,TRUE,,4,Сын поселенца,Сын,,,498,РГБ № 5315
P004505,2-24-119-0469,312,Тымовский,Рыковское,TRUE,,2,Сын поселенца,Сын,,,499,РГБ № 5608
P004521,2-24-124-0485,313,Тымовский,Рыковское,TRUE,,5,Сын поселки,Незаконнорожденный сын,,,514 244,РГБ № 4014
P004524,2-24-125-0488,313,Тымовский,Рыковское,TRUE,,3,Дочь поселенца,Дочь,,,518,РГБ № 5236
P004525,2-24-125-0489,314,Тымовский,Рыковское,TRUE,,2,Сын поселенца,Сын,,,519,РГБ № 5609
P004527,2-24-125-0491,314,Тымовский,Рыковское,TRUE,,3,Дочь поселенца,Дочь,,,521,РГБ № 5297
P004531,2-24-128-0495,314,Тымовский,Рыковское,TRUE,,3,Сын поселки,Незаконнорожденный сын,,,524 245,РГБ № 4513
P004532,2-24-128-0496,314,Тымовский,Рыковское,TRUE,,2,Сын поселки,Незаконнорожденный сын,,,528 246,РГБ № 5682
P004566,2-24-143-0530,316,Тымовский,Рыковское,TRUE,,1,Сын ссыльнокаторжного,Сын,,,1,РГБ № 4776
P004574,2-24-144-0538,316,Тымовский,Рыковское,TRUE,,1,Дочь ссыльнокаторжного,Дочь,,,,РГБ № 5589
P004624,2-24-166-0588,319,Тымовский,Рыковское,TRUE,,12,Дочь ссыльнокаторжной,Незаконнорожденная дочь,,,627 253,РГБ № 4410
P004625,2-24-166-0589,319,Тымовский,Рыковское,TRUE,,9,Дочь ссыльнокаторжной,Незаконнорожденная дочь,,,628 254,РГБ № 4443
P004626,2-24-166-0590,319,Тымовский,Рыковское,TRUE,,6,Дочь ссыльнокаторжной,Незаконнорожденная дочь,,,629 255,РГБ № 4326
P004645,2-24-171-0609,320,Тымовский,Рыковское,TRUE,,4,Дочь поселки,Незаконнорожденная дочь,,,649 257,РГБ № 5391
P004661,2-24-176-0625,321,Тымовский,Рыковское,TRUE,,7,Сын ссыльнокаторжного,Сын,,,666; Иркутская губерния,РГБ № 4922
P004662,2-24-176-0626,321,Тымовский,Рыковское,TRUE,,5,Дочь ссыльнокаторжного,Дочь,,,667; Иркутская губерния,РГБ № 4001
P004663,2-24-176-0627,321,Тымовский,Рыковское,TRUE,,2,Дочь ссыльнокаторжного,Дочь,,,668,РГБ № 5771
P004692,2-24-186-0656,322,Тымовский,Рыковское,TRUE,,4,Дочь поселенца,Дочь,,,698,РГБ № 5364
P004713,2-24-194-0677,323,Тымовский,Рыковское,TRUE,,2,Сын ссыльнокаторжного,Сын,,,,РГБ № 4598
P004724,2-24-197-0688,324,Тымовский,Рыковское,TRUE,,3,Дочь поселенца,Дочь,,,732,РГБ № 4050
P004725,2-24-197-0689,324,Тымовский,Рыковское,TRUE,,2,Сын поселенца,Сын,,,,РГБ № 4623
P004731,2-24-199-0695,324,Тымовский,Рыковское,TRUE,,2,Дочь поселенца,Дочь,,,742,РГБ № 5769
P004732,2-24-199-0696,324,Тымовский,Рыковское,TRUE,,0,Дочь поселенца,Дочь,,,,РГБ № 4768
P004735,2-24-200-0699,324,Тымовский,Рыковское,TRUE,,4,Сын поселки,Незаконнорожденный сын,,,746 259,РГБ № 5349
P004753,2-24-204-0717,326,Тымовский,Рыковское,TRUE,,1,Сын поселенца,Сын,,,775,РГБ № 4785
P004757,2-24-205-0721,326,Тымовский,Рыковское,TRUE,,5,Сын поселки,Незаконнорожденный сын,,,779 261,РГБ № 5414
P004762,2-24-206-0726,326,Тымовский,Рыковское,TRUE,,3,Сын поселенца,Сын,,,786,РГБ № 4541
P004773,2-24-209-0737,327,Тымовский,Рыковское,TRUE,,2,,Сын,,,798,РГБ № 5610
P004798,2-24-216-0762,328,Тымовский,Рыковское,TRUE,,2,Дочь ссыльнокаторжной,Незаконнорожденная дочь,,,822 265,РГБ № 5726
P004815,2-24-222-0779,329,Тымовский,Рыковское,TRUE,,2,Дочь ссыльнокаторжного,Дочь,,,842,РГБ № 5767
P004819,2-24-223-0783,329,Тымовский,Рыковское,TRUE,,5,Дочь ссыльнокаторжной,Незаконнорожденная дочь,,,846 268,РГБ № 5456
P004820,2-24-223-0784,329,Тымовский,Рыковское,TRUE,,3,Дочь ссыльнокаторжной,Незаконнорожденная дочь,,,847 269,РГБ № 5250
P004821,2-24-223-0785,329,Тымовский,Рыковское,TRUE,,1,Сын поселенца,Сын,,,848,РГБ № 4782
P004850,2-24-230-0814,331,Тымовский,Рыковское,TRUE,,8,Дочь поселенца,Дочь,,,877,РГБ № 4465
P004851,2-24-230-0815,331,Тымовский,Рыковское,TRUE,,5,Дочь поселенца,Дочь,,,878,РГБ № 4283
P004852,2-24-230-0816,331,Тымовский,Рыковское,TRUE,,4,Сын поселенца,Сын,,,879,РГБ № 5318
P004853,2-24-230-0817,331,Тымовский,Рыковское,TRUE,,1,Сын поселенца,Сын,,,880,РГБ № 4780
P004902,2-24-244-0866,334,Тымовский,Рыковское,TRUE,,1,Сын ссыльнокаторжного,Сын,,,931,РГБ № 4786
P004923,2-24-249-0887,335,Тымовский,Рыковское,TRUE,,2,Сын ссыльнокаторжной,Незаконнорожденный сын,,,952 275,РГБ № 5683
P004924,2-24-249-0888,335,Тымовский,Рыковское,TRUE,,1,Сын ссыльнокаторжной,Незаконнорожденный сын,,,953 276,РГБ № 5514
P004932,2-24-252-0896,335,Тымовский,Рыковское,TRUE,,25,Сын поселенца,Жилец,Женат на Сахалине,Старший надзиратель,961,РГБ № 1642
P004968,2-24-258-0932,337,Тымовский,Рыковское,TRUE,,2,Сын ссыльнокаторжного,Сын,,,999,РГБ № 5613
P004969,2-24-258-0933,338,Тымовский,Рыковское,TRUE,,2,Дочь поселенца,Приемная дочь,,,1,РГБ № 5764
P004976,2-24-260-0940,338,Тымовский,Рыковское,TRUE,,8,Дочь ссыльнокаторжного,Дочь,,,1006,РГБ № 5488
P004977,2-24-260-0941,338,Тымовский,Рыковское,TRUE,,4,Сын ссыльнокаторжного,Сын,,,1007,РГБ № 5321
P004978,2-24-260-0942,338,Тымовский,Рыковское,TRUE,,55,Поселенец,Жилец,Холост,,1008,РГБ № 1672
P005014,2-24-274-0978,340,Тымовский,Рыковское,TRUE,,4,Сын поселенца,Сын,,,1045,РГБ № 5320
P005015,2-24-274-0979,340,Тымовский,Рыковское,TRUE,,2,Дочь поселенца,Дочь,,,1046,РГБ № 5763
P005020,2-24-276-0984,340,Тымовский,Рыковское,TRUE,,3,Сын поселки,Незаконнорожденный сын,,,1054 284,РГБ № 5228
P005021,2-24-276-0985,340,Тымовский,Рыковское,TRUE,,2,Дочь поселки,Незаконнорожденная дочь,,,1055 285,РГБ № 5728
P005047,2-24-283-1011,342,Тымовский,Рыковское,TRUE,,3,Дочь ссыльнокаторжного,Дочь,,,1084,РГБ № 5294
P005048,2-24-283-1012,342,Тымовский,Рыковское,TRUE,,2,Сын ссыльнокаторжного,Сын,,,1085,РГБ № 5614
P005080,2-24-293-1044,344,Тымовский,Рыковское,TRUE,,2,Сын ссыльнокаторжной,Незаконнорожденный сын,,,11301 292.2,РГБ № 5686
P005090,2-24-296-1054,344,Тымовский,Рыковское,TRUE,,2,Сын поселенца,Сын,,,1141,РГБ № 5616
P005096,2-24-297-1060,345,Тымовский,Рыковское,TRUE,,2,Сын поселенца,Сын,,,,РГБ № 5617
P005104,2-24-301-1068,345,Тымовский,Рыковское,TRUE,,1,Дочь ссыльнокаторжной,Незаконнорожденная дочь,,,1158 293,РГБ № 5532
P005107,2-24-301-1071,345,Тымовский,Рыковское,TRUE,,3,Сын ссыльнокаторжной,Незаконнорожденный сын,,,1162 294,РГБ № 5229
P005121,2-24-304-1085,346,Тымовский,Рыковское,TRUE,,4,Сын поселенца,Сын,,,1176,РГБ № 5319
P005124,2-24-305-1088,346,Тымовский,Рыковское,TRUE,,1,Сын ссыльнокаторжного,Сын,,,3,РГБ № 4787
P005129,2-24-306-1093,347,Тымовский,Рыковское,TRUE,,1,Сын ссыльнокаторжной,Незаконнорожденный сын,,,1187 295,РГБ № 5513
P005141,2-24-311-1105,347,Тымовский,Рыковское,TRUE,,3,Дочь поселки,Незаконнорожденная дочь,,,1200 296,РГБ № 5251
P005144,2-24-312-1108,347,Тымовский,Рыковское,TRUE,,1,Сын ссыльнокаторжного,Сын,,,1204,РГБ № 4788
P005149,2-24-314-1113,348,Тымовский,Рыковское,TRUE,,44,Ссыльнокаторжная,Хозяйка,Вдов,,1209,РГБ № 1774
P005168,2-24-320-1132,349,Тымовский,Рыковское,TRUE,,36,Ссыльнокаторжная,Сожительница,Вдов,,1228,РГБ № 1787
P005192,2-24-328-1156,350,Тымовский,Рыковское,TRUE,,5,Сын поселенца,Сын,,,1257,РГБ № 4009
P005193,2-24-328-1157,350,Тымовский,Рыковское,TRUE,,3,Дочь поселенца,Дочь,,,1258,РГБ № 4037
P005205,2-24-330-1169,351,Тымовский,Рыковское,TRUE,,3,Сын поселенца,Сын,,,1271,РГБ № 4544
P005206,2-24-330-1170,351,Тымовский,Рыковское,TRUE,,2,Сын поселенца,Сын,,,1,РГБ № 5618
P005207,2-24-330-1171,351,Тымовский,Рыковское,TRUE,,32,Ссыльнокаторжный,Совладелец,Холост,Слесарь,1273,РГБ № 1859
P005211,2-24-331-1175,351,Тымовский,Рыковское,TRUE,,1,Дочь поселки,Приемная дочь,,,1279 298,РГБ № 5531
P005229,2-24-335-1193,352,Тымовский,Рыковское,TRUE,,3,Сын поселки,Незаконнорожденный сын,,,1295 300,РГБ № 5227
P005230,2-24-335-1194,352,Тымовский,Рыковское,TRUE,,1,Сын поселки,Незаконнорожденный сын,,,1296 301,РГБ № 5512
P005237,2-24-336-1201,353,Тымовский,Рыковское,TRUE,,2,Сын поселки,Незаконнорожденный сын,,,1304 302,РГБ № 5685
P005242,2-24-337-1206,353,Тымовский,Рыковское,TRUE,,2,Сын ссыльнокаторжного,Сын,,,1310,РГБ № 5619
P005266,2-24-345-1230,354,Тымовский,Рыковское,TRUE,,2,Дочь ссыльнокаторжного,Дочь,,,1337,РГБ № 5760
P005290,2-24-378-1254,356,Тымовский,Рыковское,TRUE,,3,Сын ссыльнокаторжного,Сын,,,1363,РГБ № 5119
P005302,2-24-387-1266,357,Тымовский,Рыковское,TRUE,,1,Сын поселенца,Сын,,,1378,РГБ № 4793
P005362,2-25-033-0060,360,Тымовский,Палево,TRUE,,28,Поселенец,Хозяин,Женат на родине,,,РГБ № 5172
P005363,2-25-033-0061,360,Тымовский,Палево,TRUE,,35,Поселенец,Совладелец,Холост,,В кандальной,РГБ № 5173
P005369,2-25-037-0067,360,Тымовский,Палево,TRUE,,49,Поселенец,Хозяин,Женат на родине,,,РГБ № 5179
P005370,2-25-037-0068,360,Тымовский,Палево,TRUE,,28,Поселенец,Совладелец,Женат на родине,,,РГБ № 5180
P005371,2-25-038-0069,360,Тымовский,Палево,TRUE,,33,Поселенец,Хозяин,Холост,,,РГБ № 5181
P005384,2-25-044-0082,361,Тымовский,Палево,TRUE,,4,Дочь ссыльнокаторжной,Незаконнорожденная дочь,,,371,РГБ № 5395
P005399,2-25-051-0097,362,Тымовский,Палево,TRUE,,38,Поселенец,Хозяин,Холост,,,РГБ № 4734
P005406,2-25-054-0104,362,Тымовский,Палево,TRUE,,29,Поселенец,Совладелец,Холост,,,РГБ № 5064
P005409,2-25-056-0107,362,Тымовский,Палево,TRUE,,31,Поселенец,Хозяин,,,,РГБ № 5067
P005421,2-25-061-0119,363,Тымовский,Палево,TRUE,,2,Дочь ссыльнокаторжной,Незаконнорожденная дочь,,,372,РГБ № 4919
P005441,2-25-077-0139,364,Тымовский,Палево,TRUE,,3,Дочь ссыльнокаторжного,Дочь,,,,РГБ № 5288
P005442,2-25-077-0140,364,Тымовский,Палево,TRUE,,1,Дочь ссыльнокаторжного,Дочь,,,,РГБ № 5580
P005444,2-25-087-0142,364,Тымовский,Палево,TRUE,,2,Дочь поселенца,Дочь,,,,РГБ № 5757
P005446,2-25-090-0144,364,Тымовский,Палево,TRUE,,1,Сын поселенца,Сын,,,,РГБ № 4799
P005455,2-25-103-0153,365,Тымовский,Палево,TRUE,,10,Дочь ссыльнокаторжной,Незаконнорожденная дочь,,,376,РГБ № 4428
P005456,2-25-103-0154,365,Тымовский,Палево,TRUE,,9,Сын ссыльнокаторжной,Незаконнорожденный сын,,,377,РГБ № 4458
P005457,2-25-103-0155,365,Тымовский,Палево,TRUE,,6,Дочь ссыльнокаторжной,Незаконнорожденная дочь,,,4,РГБ № 4330
P005458,2-25-103-0156,365,Тымовский,Палево,TRUE,,2,Дочь поселенца,Дочь,,,,РГБ № 5756
P005461,2-25-105-0159,365,Тымовский,Палево,TRUE,,31,Поселенец,Хозяин,,,,РГБ № 4107
P005486,2-25-125-0184,366,Тымовский,Палево,TRUE,,3,Дочь поселенца,Дочь,,,,РГБ № 5287а
P005498,2-25-132-0196,367,Тымовский,Палево,TRUE,,53,Поселенец,Хозяин,,,,РГБ № 4157
P005504,2-25-136-0202,367,Тымовский,Палево,TRUE,,52,Поселенец,Хозяин,,,,РГБ № 4159
P005511,2-25-140-0209,368,Тымовский,Палево,TRUE,,30,Поселенец,Хозяин,,,,РГБ № 4166
P005516,2-25-143-0214,368,Тымовский,Палево,TRUE,,34,Поселенец,Хозяин,,,,РГБ № 4570
P005533,2-25-151-0231,369,Тымовский,Палево,TRUE,,45,Поселенец,Совладелец,Женат на родине,,,РГБ № 3731
P005535,2-25-152-0233,369,Тымовский,Палево,TRUE,,30,Поселенец,Совладелец,Женат на родине,,,РГБ № 3733
P005541,2-25-156-0239,369,Тымовский,Палево,TRUE,,33,Поселенец,Хозяин,,,,РГБ № 3739
P005567,2-25-172-0265,371,Тымовский,Палево,TRUE,,40,Поселенец,Хозяин,,,В кандальной,РГБ № 4847
P005573,2-25-176-0271,371,Тымовский,Палево,TRUE,,35,Поселенец,Хозяин,Холост,,,РГБ № 4131
P005590,2-26-002-0005,372,Тымовский,Мало-Тымово,TRUE,,22,Ссыльнокаторжная,Сожительница,Холост,,6,РГБ № 4053
P005591,2-26-002-0006,372,Тымовский,Мало-Тымово,TRUE,,0,Дочь ссыльнокаторжной,Незаконнорожденная дочь,,,7 448,РГБ № 3777
P005603,2-26-005-0018,373,Тымовский,Мало-Тымово,TRUE,,7,Дочь поселки,Незаконнорожденная дочь,,,447.2,РГБ № 4398
P005604,2-26-005-0019,373,Тымовский,Мало-Тымово,TRUE,,3,Дочь поселки,Незаконнорожденная дочь,,,20 446.3,РГБ № 5265
P005605,2-26-005-0020,373,Тымовский,Мало-Тымово,TRUE,,1,Сын поселки,Незаконнорожденный сын,,,21 445.4,РГБ № 4911
P005608,2-26-006-0023,373,Тымовский,Мало-Тымово,TRUE,,3,Дочь поселки,Незаконнорожденная дочь,,,24 444,РГБ № 5264
P005609,2-26-006-0024,373,Тымовский,Мало-Тымово,TRUE,,2,Сын поселки,Незаконнорожденный сын,,,25 443,РГБ № 5696
P005610,2-26-007-0025,373,Тымовский,Мало-Тымово,TRUE,,38,Ссыльнокаторжный,Хозяин,Женат на родине,,26,РГБ № 3822
P005624,2-26-013-0039,374,Тымовский,Мало-Тымово,TRUE,,35,Поселенец,Совладелец,Холост,,41,РГБ № 3835
P005637,2-26-016-0052,375,Тымовский,Мало-Тымово,TRUE,,8,Сын поселки,Незаконнорожденный сын,,,54 441,РГБ № 4218
P005650,2-26-019-0065,376,Тымовский,Мало-Тымово,TRUE,,4,Дочь поселенца,Дочь,,,70,РГБ № 5403
P005651,2-26-019-0066,376,Тымовский,Мало-Тымово,TRUE,,1,Дочь поселенца,Дочь,,,71,РГБ № 5571
P005679,2-26-029-0094,378,Тымовский,Мало-Тымово,TRUE,,24,Поселенец,Хозяин,Холост,,106,РГБ № 3815
P005730,2-26-043-0145,381,Тымовский,Мало-Тымово,TRUE,,35,Ссыльнокаторжный,Хозяин,Женат на родине,,157,РГБ № 3901
P005751,2-26-049-0166,382,Тымовский,Мало-Тымово,TRUE,,1,Сын поселки,Незаконнорожденный сын,,,177 479,РГБ № 4909
P005783,2-27-012-0021,384,Тымовский,Андрее-Ивановское,TRUE,,1,Дочь ссыльнокаторжной,Незаконнорожденная дочь,,,1,РГБ № 5530
P005800,2-27-020-0038,385,Тымовский,Андрее-Ивановское,TRUE,,0,Дочь ссыльнокаторжной,Незаконнорожденная дочь,,,4,РГБ № 3771
P005820,2-27-030-0058,386,Тымовский,Андрее-Ивановское,TRUE,,2,Дочь ссыльнокаторжной,Незаконнорожденная дочь,,,7,РГБ № 5729
P005821,2-27-030-0059,386,Тымовский,Андрее-Ивановское,TRUE,,1,Дочь ссыльнокаторжной,Незаконнорожденная дочь,,,8,РГБ № 5529
P005836,2-27-038-0074,387,Тымовский,Андрее-Ивановское,TRUE,,2,Дочь поселки,Незаконнорожденная дочь,,,311,РГБ № 5730
P005849,2-27-045-0087,388,Тымовский,Андрее-Ивановское,TRUE,,1,Дочь ссыльнокаторжной,Незаконнорожденная дочь,,,312,РГБ № 5528а
P005860,2-27-052-0098,388,Тымовский,Андрее-Ивановское,TRUE,,54,Поселенец,Совладелец,Холост,,,РГБ № 3509
P005880,2-27-062-0118,389,Тымовский,Андрее-Ивановское,TRUE,,3,Дочь ссыльнокаторжного,Дочь,,,,РГБ № 5291
P005884,2-27-063-0122,390,Тымовский,Андрее-Ивановское,TRUE,,1,Дочь ссыльнокаторжного,Дочь,,,,РГБ № 5587
P005892,2-27-067-0130,390,Тымовский,Андрее-Ивановское,TRUE,,2,Дочь ссыльнокаторжной,Незаконнорожденная дочь,,,313,РГБ № 5731
P005895,2-27-068-0133,390,Тымовский,Андрее-Ивановское,TRUE,,2,Дочь ссыльнокаторжного,Дочь,,,,РГБ № 4977
P005898,2-27-069-0136,390,Тымовский,Андрее-Ивановское,TRUE,,1,Дочь ссыльнокаторжного,Дочь,,,,РГБ № 5118
P005902,2-27-071-0140,391,Тымовский,Андрее-Ивановское,TRUE,,1,Сын ссыльнокаторжного,Сын,,,,РГБ № 4789
P005919,2-27-086-0157,392,Тымовский,Андрее-Ивановское,TRUE,,3,Сын поселки,Незаконнорожденный сын,,,314,РГБ № 5207
P005928,2-27-089-0166,392,Тымовский,Андрее-Ивановское,TRUE,,5,Сын ссыльнокаторжного,Сын,,,,РГБ № 4010
P005934,2-27-091-0172,392,Тымовский,Андрее-Ивановское,TRUE,,2,Дочь ссыльнокаторжной,Незаконнорожденная дочь,,,315,РГБ № 4920
P005948,2-27-097-0186,393,Тымовский,Андрее-Ивановское,TRUE,,2,Дочь ссыльнокаторжной,Незаконнорожденная дочь,,,317,РГБ № 5732
P005958,2-27-101-0196,394,Тымовский,Андрее-Ивановское,TRUE,,3,Дочь поселки,Незаконнорожденная дочь,,,318,РГБ № 5252
P005959,2-27-101-0197,394,Тымовский,Андрее-Ивановское,TRUE,,1,Дочь поселки,Незаконнорожденная дочь,,,319,РГБ № 5528
P005976,2-27-107-0214,395,Тымовский,Андрее-Ивановское,TRUE,,40,Ссыльнокаторжная,Сожительница,,,,РГБ № 3604
P005983,2-27-109-0221,395,Тымовский,Андрее-Ивановское,TRUE,,2,Дочь поселки,Незаконнорожденная дочь,,,323,РГБ № 5733
P005984,2-27-109-0222,395,Тымовский,Андрее-Ивановское,TRUE,,1,Сын поселки,Незаконнорожденный сын,,,324,РГБ № 5510
P005990,2-27-112-0228,395,Тымовский,Андрее-Ивановское,TRUE,,2,Сын ссыльнокаторжной,Незаконнорожденный сын,,,325,РГБ № 5689
P005998,2-27-116-0236,396,Тымовский,Андрее-Ивановское,TRUE,,3,Дочь ссыльнокаторжной,Незаконнорожденная дочь,,,326,РГБ № 4591
P006001,2-27-118-0239,396,Тымовский,Андрее-Ивановское,TRUE,,3,Сын ссыльнокаторжного,Сын,,,,РГБ № 5102
P006006,2-27-120-0244,396,Тымовский,Андрее-Ивановское,TRUE,,4,Сын ссыльнокаторжного,Сын,,,,РГБ № 4030
P006013,2-27-124-0251,397,Тымовский,Андрее-Ивановское,TRUE,,1,Сын ссыльнокаторжного,Сын,,,,РГБ № 4790
P006019,2-27-128-0257,397,Тымовский,Андрее-Ивановское,TRUE,,51,Поселенец,Совладелец,Женат на родине,,В Рыковском в богадельне,РГБ № 3635
P006036,2-27-139-0274,398,Тымовский,Андрее-Ивановское,TRUE,,3,Дочь ссыльнокаторжной,Незаконнорожденная дочь,,,327,РГБ № 5254
P006043,2-27-143-0281,398,Тымовский,Андрее-Ивановское,TRUE,,35,Ссыльнокаторжный,Совладелец,Женат на родине,,,РГБ № 3657
P006054,2-27-148-0292,399,Тымовский,Андрее-Ивановское,TRUE,,1,Сын ссыльнокаторжного,Сын,,,,РГБ № 4791
P006065,2-27-154-0303,400,Тымовский,Андрее-Ивановское,TRUE,,1,Дочь ссыльнокаторжного,Дочь,,,,РГБ № 4087
P006079,2-27-167-0317,400,Тымовский,Андрее-Ивановское,TRUE,,48,Поселенец,Хозяин,Женат на родине,,,РГБ № 3688
P006082,2-27-168-0320,400,Тымовский,Андрее-Ивановское,TRUE,,2,Сын ссыльнокаторжной,Незаконнорожденный сын,,,9,РГБ № 5688
P006098,2-27-176-0336,401,Тымовский,Андрее-Ивановское,TRUE,,6,Дочь ссыльнокаторжного,Дочь,,,,РГБ № 3995
P006103,2-27-177-0341,402,Тымовский,Андрее-Ивановское,TRUE,,4,Сын ссыльнокаторжного,Сын,,,,РГБ № 4029
P006107,2-27-179-0345,402,Тымовский,Андрее-Ивановское,TRUE,,5,Дочь ссыльнокаторжного,Дочь,,,,РГБ № 4000
P006108,2-27-179-0346,402,Тымовский,Андрее-Ивановское,TRUE,,2,Сын ссыльнокаторжного,Сын,,,,РГБ № 4622
P006125,2-27-000-0363,403,Тымовский,Андрее-Ивановское,TRUE,,2,Дочь ссыльнокаторжного,Дочь,,,,РГБ № 4976
P006139,3-28-010-0013,413,Корсаковский,Маука,TRUE,,26,Ссыльнокаторжная,Сожительница,,,,РГБ № 6822
P006146,3-28-016-0020,414,Корсаковский,Маука,TRUE,,27,Ссыльнокаторжная,Сожительница,,,,РГБ № 6829
P006148,3-28-017-0022,414,Корсаковский,Маука,TRUE,,23,Ссыльнокаторжная,Сожительница,,,,РГБ № 6831
P006179,3-29-006-0015,415,Корсаковский,Пост Корсаковский,TRUE,,1,Дочь ссыльнокаторжной,Приемная дочь,,,29,РГБ № 5548
P006189,3-29-010-0025,416,Корсаковский,Пост Корсаковский,TRUE,,35,Ссыльнокаторжный,Работник,Холост,,,РГБ № 6928
P006205,3-29-018-0041,417,Корсаковский,Пост Корсаковский,TRUE,,30,Ссыльнокаторжный,Жилец,Холост,Писарь,,РГБ № 6942
P006213,3-29-021-0049,417,Корсаковский,Пост Корсаковский,TRUE,,2,Сын поселенца,Сын,,,,РГБ № 5660
P006214,3-29-021-0050,417,Корсаковский,Пост Корсаковский,TRUE,,40,Ссыльнокаторжный,Жилец,,Маляр,,РГБ № 6949
P006229,3-29-028-0065,418,Корсаковский,Пост Корсаковский,TRUE,,,Ссыльнокаторжный,Хозяин,,Кузнец,,РГБ № 6960
P006231,3-29-029-0067,418,Корсаковский,Пост Корсаковский,TRUE,,37,Унтер-офицер,Сожитель,Холост,,,РГБ № 6962
P006239,3-29-032-0075,419,Корсаковский,Пост Корсаковский,TRUE,,50,Ссыльнокаторжный,Хозяин,Женат на родине,,,РГБ № 6968
P006249,3-29-036-0085,419,Корсаковский,Пост Корсаковский,TRUE,,0,Дочь ссыльнокаторжного,Дочь,,,,РГБ № 3766
P006250,3-29-036-0086,419,Корсаковский,Пост Корсаковский,TRUE,,30,Ссыльнокаторжный,Жилец,Холост,,,РГБ № 6978
P006253,3-29-037-0089,420,Корсаковский,Пост Корсаковский,TRUE,,40,Ссыльнокаторжный,Жилец,Женат на родине,Плотник,,РГБ № 6981
P006263,3-29-040-0099,420,Корсаковский,Пост Корсаковский,TRUE,,2,Дочь ссыльнокаторжного,Дочь,,,,РГБ № 4607
P006266,3-29-041-0102,420,Корсаковский,Пост Корсаковский,TRUE,,37,Старший надзиратель,Хозяин,Холост,,,РГБ № 6992
P006274,3-29-042-0110,421,Корсаковский,Пост Корсаковский,TRUE,,3,Дочь ссыльнокаторжного,Дочь,,,,РГБ № 5240
P006280,3-29-044-0116,421,Корсаковский,Пост Корсаковский,TRUE,,45,Ссыльнокаторжный,Хозяин,Женат на родине,Столяр,,РГБ № 7000
P006299,3-29-051-0135,422,Корсаковский,Пост Корсаковский,TRUE,,28,Ссыльнокаторжный,Жилец,Холост,Портной,,РГБ № 7017
P006307,3-29-054-0143,423,Корсаковский,Пост Корсаковский,TRUE,,32,Ссыльнокаторжный,Хозяин,,Столяр,,РГБ № 7024
P006308,3-29-055-0144,423,Корсаковский,Пост Корсаковский,TRUE,,,Ссыльнокаторжный,Хозяин,,,,РГБ № 7025
P006309,3-29-056-0145,423,Корсаковский,Пост Корсаковский,TRUE,,,Ссыльнокаторжный,Хозяин,,,,РГБ № 7026
P006336,3-30-016-0024,424,Корсаковский,Поро-ан-Томари,TRUE,,2,Дочь ссыльнокаторжной,Незаконнорожденная дочь,,,124,РГБ № 5718
P006370,3-30-040-0058,426,Корсаковский,Поро-ан-Томари,TRUE,,40,Поселенец,Хозяин,Холост,Писарь,В лазарете,РГБ № 5841
P006377,3-30-045-0065,427,Корсаковский,Поро-ан-Томари,TRUE,,1,Сын ссыльнокаторжной,Незаконнорожденный сын,,,123,РГБ № 4873
P006390,3-32-003-0005,428,Корсаковский,Вторая Падь,TRUE,,2,Дочь ссыльнокаторжной,Незаконнорожденная дочь,,,90,РГБ № 5713
P006408,3-33-010-0013,429,Корсаковский,Третья Падь,TRUE,,3,Дочь поселенца,Дочь,,,,РГБ № 5239
P006413,3-33-011-0018,429,Корсаковский,Третья Падь,TRUE,,1,Дочь поселенца,Дочь,,,,РГБ № 5553
P006439,3-34-007-0014,431,Корсаковский,Соловьевка,TRUE,,2,Дочь ссыльнокаторжной,Незаконнорожденная дочь,,,50,РГБ № 5709
P006450,3-34-012-0025,431,Корсаковский,Соловьевка,TRUE,,1,Сын ссыльнокаторжной,Незаконнорожденный сын,,,46,РГБ № 4882
P006463,3-34-018-0038,432,Корсаковский,Соловьевка,TRUE,,4,Дочь ссыльнокаторжной,Незаконнорожденная дочь,,,42,РГБ № 5708
P006483,3-34-025-0058,433,Корсаковский,Соловьевка,TRUE,,1,Сын ссыльнокаторжной,Незаконнорожденный сын,,,35,РГБ № 4885
P006488,3-34-026-0063,433,Корсаковский,Соловьевка,TRUE,,7,Дочь поселенца,Дочь,,,,РГБ № 4392
P006496,3-35-001-0002,434,Корсаковский,Лютога,TRUE,,31,Ссыльнокаторжная,Сожительница,,,,РГБ № 5851
P006499,3-35-002-0005,434,Корсаковский,Лютога,TRUE,,2,Сын ссыльнокаторжной,Незаконнорожденный сын,,,3,РГБ № 5670
P006506,3-35-007-0012,434,Корсаковский,Лютога,TRUE,,35,Ссыльнокаторжная,Сожительница,,,,РГБ № 5859
P006510,3-35-010-0016,435,Корсаковский,Лютога,TRUE,,24,Ссыльнокаторжная,Сожительница,,,,РГБ № 5863
P006512,3-35-011-0018,435,Корсаковский,Лютога,TRUE,,26,Ссыльнокаторжная,Сожительница,,,,РГБ № 5865
P006522,3-35-016-0028,435,Корсаковский,Лютога,TRUE,,38,Ссыльнокаторжная,Сожительница,,,,РГБ № 5873
P006527,3-35-021-0033,436,Корсаковский,Лютога,TRUE,,21,Поселка,Хозяйка,,,,РГБ № 5878
P006528,3-35-021-0034,436,Корсаковский,Лютога,TRUE,,1,Дочь поселки,Незаконнорожденная дочь,,,3,РГБ № 5539
P006532,3-35-023-0038,436,Корсаковский,Лютога,TRUE,,26,Ссыльнокаторжная,Сожительница,,,,РГБ № 5882
P006534,3-35-024-0040,436,Корсаковский,Лютога,TRUE,,30,Ссыльнокаторжная,Сожительница,,,,РГБ № 5884
P006536,3-35-025-0042,436,Корсаковский,Лютога,TRUE,,62,Ссыльнокаторжная,Сожительница,,,,РГБ № 5886
P006539,3-35-027-0045,436,Корсаковский,Лютога,TRUE,,33,Ссыльнокаторжная,Сожительница,,,,РГБ № 5888
P006571,3-36-023-0024,438,Корсаковский,Голый Мыс,TRUE,,,Поселенец,,,,,РГБ № 7125
P006600,3-38-004-0004,440,Корсаковский,Лиственичное,TRUE,,53,Поселенец,Хозяин,Холост,,,РГБ № 6473
P006614,3-39-001-0003,441,Корсаковский,Хомутовка,TRUE,,2,Дочь ссыльнокаторжной,Незаконнорожденная дочь,,,87,РГБ № 5712
P006630,3-39-010-0019,441,Корсаковский,Хомутовка,TRUE,,1,Дочь ссыльнокаторжной,Незаконнорожденная дочь,,,85,РГБ № 5543
P006665,3-40-010-0016,443,Корсаковский,Большая Елань,TRUE,,1,Дочь поселки,Незаконнорожденная дочь,,,79,РГБ № 5544
P006674,3-40-017-0025,444,Корсаковский,Большая Елань,TRUE,,1,Сын ссыльнокаторжной,Незаконнорожденный сын,,,78,РГБ № 4879
P006713,3-41-011-0024,446,Корсаковский,Владимировка,TRUE,,29,Свободного состояния,Хозяйка,Вдов,,В тюрьме,РГБ № 7045
P006732,3-41-022-0043,447,Корсаковский,Владимировка,TRUE,,1,Сын ссыльнокаторжной,Незаконнорожденный сын,,,7,РГБ № 4888
P006774,3-41-044-0085,449,Корсаковский,Владимировка,TRUE,,1,Сын ссыльнокаторжной,Незаконнорожденный сын,,,2,РГБ № 4887
P006778,3-41-046-0089,449,Корсаковский,Владимировка,TRUE,,21,Ссыльнокаторжная,Сожительница,,,,РГБ № 7101
P006845,3-42-061-0067,453,Корсаковский,Луговое,TRUE,,25,Поселенец,Хозяин,Холост,,,РГБ № 5959
P006868,3-43-012-0016,454,Корсаковский,Поповские Юрты,TRUE,,2,Дочь ссыльнокаторжной,Незаконнорожденная дочь,,,115,РГБ № 5717
P006872,3-43-015-0020,454,Корсаковский,Поповские Юрты,TRUE,,20,Ссыльнокаторжная,Сожительница,Холост,,,РГБ № 7153
P006891,3-43-031-0039,455,Корсаковский,Поповские Юрты,TRUE,,1,Дочь ссыльнокаторжной,Незаконнорожденная дочь,,,114,РГБ № 4084
P006895,3-43-034-0043,455,Корсаковский,Поповские Юрты,TRUE,,1,Сын поселенца,Сын,,,,РГБ № 4953
P006901,3-43-036-0049,456,Корсаковский,Поповские Юрты,TRUE,,1,Дочь ссыльнокаторжной,Незаконнорожденная дочь,,,113,РГБ № 5100
P006928,3-43-058-0076,457,Корсаковский,Поповские Юрты,TRUE,,60,Поселенец,Хозяин,Женат на родине,Плотник,,РГБ № 6033
P006939,3-43-069-0087,458,Корсаковский,Поповские Юрты,TRUE,,39,Поселенец,Хозяин,Женат на родине,,,РГБ № 6044
P006993,3-44-024-0031,460,Корсаковский,Березники,TRUE,,,Поселенец,Хозяин,,,,РГБ № 6514
P007037,3-44-059-0075,463,Корсаковский,Березники,TRUE,,1,Сын ссыльнокаторжной,Незаконнорожденный сын,,,3,РГБ № 4877
P007113,3-44-132-0151,467,Корсаковский,Березники,TRUE,,41,Поселенец,Хозяин,,,,РГБ № 6630
P007134,3-45-007-0013,468,Корсаковский,Кресты,TRUE,,2,Сын ссыльнокаторжного,Незаконнорожденный сын,,,67,РГБ № 5665
P007144,3-45-011-0023,469,Корсаковский,Кресты,TRUE,,2,Сын ссыльнокаторжной,Незаконнорожденный сын,,,63,РГБ № 5666
P007154,3-45-016-0033,469,Корсаковский,Кресты,TRUE,,1,Дочь ссыльнокаторжной,Незаконнорожденная дочь,,,61,РГБ № 5546
P007157,3-45-018-0036,469,Корсаковский,Кресты,TRUE,,25,Ссыльнокаторжная,Сожительница,Холост,,,РГБ № 6758
P007158,3-45-018-0037,469,Корсаковский,Кресты,TRUE,,2,Сын ссыльнокаторжной,Незаконнорожденный сын,,,59,РГБ № 5667
P007166,3-45-022-0045,470,Корсаковский,Кресты,TRUE,,1,Сын ссыльнокаторжной,Незаконнорожденный сын,,,68,РГБ № 4883
P007179,3-45-030-0058,471,Корсаковский,Кресты,TRUE,,2,Сын ссыльнокаторжной,Незаконнорожденный сын,,,57,РГБ № 5668
P007182,3-45-031-0061,471,Корсаковский,Кресты,TRUE,,2,Дочь ссыльнокаторжной,Незаконнорожденная дочь,,,56,РГБ № 5710
P007256,3-46-032-0046,475,Корсаковский,Большое Такоэ,TRUE,,1,Дочь ссыльнокаторжной,Незаконнорожденная дочь,,,74,РГБ № 5545
P007261,3-46-036-0051,475,Корсаковский,Большое Такоэ,TRUE,,3,Сын ссыльнокаторжной,Незаконнорожденный сын,,,72,РГБ № 4517
P007262,3-46-036-0052,475,Корсаковский,Большое Такоэ,TRUE,,2,Дочь ссыльнокаторжной,Незаконнорожденная дочь,,,73,РГБ № 5711
P007268,3-46-039-0058,476,Корсаковский,Большое Такоэ,TRUE,,1,Сын поселки,Незаконнорожденный сын,,,70,РГБ № 4880
P007280,3-47-001-0002,476,Корсаковский,Малое Такоэ,TRUE,,25,Ссыльнокаторжная,Сожительница,Вдов,,,РГБ № 6166
P007291,3-47-009-0013,477,Корсаковский,Малое Такоэ,TRUE,,2,Дочь поселки,Незаконнорожденная дочь,,,11,РГБ № 5714
P007294,3-47-010-0016,477,Корсаковский,Малое Такоэ,TRUE,,38,Ссыльнокаторжная,Сожительница,Вдов,,,РГБ № 6172
P007303,3-47-016-0025,478,Корсаковский,Малое Такоэ,TRUE,,43,Ссыльнокаторжная,Сожительница,Женат на родине,,,РГБ № 6185
P007353,3-48-015-0027,481,Корсаковский,Сиянцы,TRUE,,2,Сын ссыльнокаторжной,Незаконнорожденный сын,,,103,РГБ № 5669
P007354,3-48-015-0028,481,Корсаковский,Сиянцы,TRUE,,0,Дочь ссыльнокаторжной,Незаконнорожденная дочь,,,101,РГБ № 3793
P007355,3-48-015-0029,481,Корсаковский,Сиянцы,TRUE,,0,Дочь ссыльнокаторжной,Незаконнорожденная дочь,,,102,РГБ № 3794
P007358,3-48-016-0032,481,Корсаковский,Сиянцы,TRUE,,2,Дочь ссыльнокаторжной,Незаконнорожденная дочь,,,100,РГБ № 4606
P007364,3-48-021-0038,481,Корсаковский,Сиянцы,TRUE,,21,Ссыльнокаторжная,Жена,Женат на Сахалине,,,РГБ № 6134
P007370,3-48-026-0044,482,Корсаковский,Сиянцы,TRUE,,40,Ссыльнокаторжная,Сожительница,,,,РГБ № 6140
P007374,3-48-028-0048,482,Корсаковский,Сиянцы,TRUE,,2,Сын ссыльнокаторжной,Незаконнорожденный сын,,,99,РГБ № 4874
P007389,3-48-038-0063,483,Корсаковский,Сиянцы,TRUE,,2,Дочь поселки,Незаконнорожденная дочь,,,98,РГБ № 5715
P007400,3-49-001-0003,483,Корсаковский,Дубки,TRUE,,2,Сын ссыльнокаторжной,Незаконнорожденный сын,,,111,РГБ № 5671
P007404,3-49-002-0007,483,Корсаковский,Дубки,TRUE,,2,Дочь ссыльнокаторжной,Незаконнорожденная дочь,,,109,РГБ № 4605
P007424,3-49-019-0027,484,Корсаковский,Дубки,TRUE,,1,Дочь ссыльнокаторжной,Незаконнорожденная дочь,,,108,РГБ № 5540
P007442,3-50-003-0004,485,Корсаковский,Сиска,TRUE,,40,Ссыльнокаторжная,Сожительница,,,,РГБ № 6806
